id;objid;docn;basename;dtmod;sliceid;family
9666571;790306;92632;CJI;0;-1;-1
9666572;895356;109485;CJI;0;-1;-1
9666574;904125;490932;ARB001;0;-1;-1
9666576;848854;5155;CJI;0;-1;-1
9666577;848854;7242;CJI;0;-1;-1
9666578;848854;7250;CJI;0;-1;-1
9666579;848854;8485;CJI;0;-1;-1
9666580;848854;9019;CJI;0;-1;-1
9666581;848854;9412;CJI;0;-1;-1
9666582;848854;9565;CJI;0;-1;-1
9666583;848854;23314;CJI;0;-1;-1
9666584;848854;25846;CJI;0;-1;-1
9666585;848854;27564;CJI;0;-1;-1
9666586;848854;33611;CJI;0;-1;-1
9666587;848854;35901;CJI;0;-1;-1
9666588;848854;37085;CJI;0;-1;-1
9666589;848854;37861;CJI;0;-1;-1
9666590;848854;40159;CJI;0;-1;-1
9666591;848854;40425;CJI;0;-1;-1
9666592;848854;41468;CJI;0;-1;-1
9666593;848854;42702;CJI;0;-1;-1
9666594;848854;44569;CJI;0;-1;-1
9666595;848854;47934;CJI;0;-1;-1
9666596;848854;49315;CJI;0;-1;-1
9666597;848854;56087;CJI;0;-1;-1
9666598;848854;78077;CJI;0;-1;-1
9666599;848854;83002;CJI;0;-1;-1
9666600;848854;83579;CJI;0;-1;-1
9666601;848854;89265;CJI;0;-1;-1
9666602;848854;101960;CJI;0;-1;-1
9666603;848854;18101;CMB;0;-1;-1
9666616;789324;513568;ARB001;0;-1;-1
10225455;790305;96569;CJI;0;-1;-1
10225456;790305;104683;CJI;0;-1;-1
10605903;929334;107865;CJI;0;-1;-1
10765159;942643;535362;ARB002;0;-1;-1
10765160;942643;535977;ARB002;0;-1;-1
10765161;942643;536929;ARB002;0;-1;-1
10765162;942643;537195;ARB002;0;-1;-1
10765163;942643;537365;ARB002;0;-1;-1
10765164;942643;537370;ARB002;0;-1;-1
10765165;942643;537417;ARB002;0;-1;-1
10765166;942643;537423;ARB002;0;-1;-1
10765167;942643;537934;ARB002;0;-1;-1
10787812;942651;42901;LAW;0;-1;-1
10787813;942651;151139;LAW;0;-1;-1
10787814;942651;187354;LAW;0;-1;-1
10787815;942651;296544;LAW;0;-1;-1
10787816;942651;12098;CJI;0;-1;-1
10903586;945214;281568;LAW;0;-1;-1
11407706;950503;18570;CMB;0;-1;-1
11719736;952206;75194;CJI;0;-1;-1
11719737;952206;76863;CJI;0;-1;-1
11719738;952206;78337;CJI;0;-1;-1
11719739;952206;79891;CJI;0;-1;-1
13543713;983525;114266;CJI;0;-1;-1
14573365;871494;181602;LAW;0;-1;-1
14573366;871494;73328;CJI;0;-1;-1
14573367;871494;80380;CJI;0;-1;-1
14573368;871494;87402;CJI;0;-1;-1
14573369;871494;94824;CJI;0;-1;-1
14573370;871494;97751;CJI;0;-1;-1
14573371;871494;99303;CJI;0;-1;-1
14573372;871494;99493;CJI;0;-1;-1
14573373;871494;99600;CJI;0;-1;-1
14573374;871494;99955;CJI;0;-1;-1
14573375;871494;101927;CJI;0;-1;-1
14573376;871494;109376;CJI;0;-1;-1
14573377;871494;111454;CJI;0;-1;-1
14573378;871494;114525;CJI;0;-1;-1
14573379;871494;17748;CMB;0;-1;-1
14573380;871494;46;PPVS;0;-1;-1
14820975;993997;34;PPN;0;-1;-1
15393951;1029513;309635;LAW;0;-1;-1
15393959;1029514;304058;LAW;0;-1;-1
17222157;1181132;44772;LAW;0;-1;-1
17222158;1181132;57956;LAW;0;-1;-1
17222159;1181132;309095;LAW;0;-1;-1
17763340;1189505;161322;LAW;0;-1;-1
17763341;1189505;18222;CMB;0;-1;-1
17845787;950477;32453;LAW;0;-1;-1
17845788;950477;107971;LAW;0;-1;-1
17845789;950477;219285;LAW;0;-1;-1
17845790;950477;221303;LAW;0;-1;-1
17845791;950477;289870;LAW;0;-1;-1
17845792;950477;110802;QSOV;0;-1;-1
17846073;1190442;301801;LAW;0;-1;-1
17846074;1190442;77108;CJI;0;-1;-1
17846075;1190442;79951;CJI;0;-1;-1
17846076;1190442;97096;CJI;0;-1;-1
17846077;1190442;97933;CJI;0;-1;-1
17846078;1190442;100064;CJI;0;-1;-1
17846079;1190442;106716;CJI;0;-1;-1
17846080;1190442;18125;CMB;0;-1;-1
18151786;1194722;301665;LAW;0;-1;-1
18151787;1194722;312538;LAW;0;-1;-1
18151788;1194722;117435;QSOV;0;-1;-1
19856506;1251179;1090319;MARB009;0;-1;-1
19859168;1245002;594363;MARB009;0;-1;-1
19859169;1245002;1090319;MARB009;0;-1;-1
19859170;1245002;1431233;MARB009;0;-1;-1
19859171;1245002;1450085;MARB009;0;-1;-1
19859172;1245002;1499773;MARB009;0;-1;-1
19859173;1245002;1591422;MARB009;0;-1;-1
19859174;1245002;451385;ARB002;0;-1;-1
20970967;1272119;86005;PBI;0;-1;-1
20970968;1272119;100779;PBI;0;-1;-1
20970969;1272119;201293;PBI;0;-1;-1
20970970;1272119;236143;PBI;0;-1;-1
20970971;1272119;242742;PBI;0;-1;-1
20970972;1272119;300754;RZR;0;-1;-1
21074864;859738;114270;CJI;49920;32798;32798
21074865;859738;115456;CJI;26320;32798;32798
21074866;859738;18040;CMB;0;32799;32799
21472140;1278622;70584;DOF;25461;32870;3
21472141;1278622;90997;DOF;34417;32870;3
21472142;1278622;99953;DOF;0;32870;3
21611484;1281123;446556;ARB002;58169;43013;4
21611485;1281123;451385;ARB002;0;43013;4
21615482;1281164;85588;RZR;42482;32913;0
21615483;1281164;173554;RZR;41540;32913;0
21615484;1281164;303684;RZR;115;32913;0
21615485;1281164;47585;BCN;0;32813;30
21615486;1281164;452330;ARB002;43746;43013;4
21615487;1281164;502498;ARB002;85;43013;4
21615488;1281164;17520;CMB;1;32799;32799
21615489;1281164;265939;AMS;1;24;18
22191983;1285845;1054222;MARB009;30597;43008;41
22191984;1285845;1210245;MARB009;13139;43008;41
22191985;1285845;1258323;MARB009;21446;43008;41
22191986;1285845;1397702;MARB009;8648;43008;41
22191987;1285845;842194;MARB010;12052;43009;41
22191988;1285845;864020;MARB010;37969;43009;41
22191989;1285845;1086545;MARB010;14481;43009;41
22191990;1285845;1128593;MARB010;18191;43009;41
22191991;1285845;1394447;MARB010;22171;43009;41
22191992;1285845;1595035;MARB010;0;43009;41
22191993;1285845;162987;AMS;25887;24;18
22191994;1285845;222495;AMS;4572;24;18
22191995;1285845;266716;AMS;33873;24;18
22191996;1285845;296017;AMS;56;24;18
22217496;1286930;137595;PBI;1;32776;37
22234972;1286914;117509;QSA001;1;43018;2
22234973;1286914;212310;ARB002;10;43013;4
22976621;1305545;114150;CJI;1;32798;32798
22976622;1305545;207545;RZR;10;32913;0
23321468;862531;164585;LAW;18760;1;0
23321469;862531;280904;LAW;54480;1;0
23321470;862531;18756;CMB;0;32799;32799
23552087;1308626;1120465;MARB009;61295;43008;41
23552088;1308626;1437551;MARB009;10413;43008;41
23552089;1308626;1452205;MARB009;31519;43008;41
23552090;1308626;1604383;MARB009;47986;43008;41
23552091;1308626;1620850;MARB009;1;43008;41
23552092;1308626;18504;CMB;0;32799;32799
23552093;1308626;63573;CJI;26326;32798;32798
23552094;1308626;91862;CJI;35840;32798;32798
23552095;1308626;342830;ARB001;17509;43011;4
23552096;1308626;47216;RZR;26728;32913;0
23552097;1308626;157800;RZR;52939;32913;0
23552098;1308626;315083;RZR;0;32913;0
23552099;1308626;155962;BSZ;25164;32810;27
23552100;1308626;275071;AMS;34348;24;18
23552101;1308626;296492;AMS;0;24;18
23552102;1308626;96608;QSA001;19914;43018;2
23552103;1308626;150986;QSA001;34750;43018;2
23552104;1308626;165822;QSA001;35040;43018;2
23552105;1308626;166112;QSA001;43451;43018;2
23552106;1308626;174523;QSA001;109;43018;2
23552107;1308626;191206;ARB002;10;43013;4
23552108;1308626;78991;QSA002;13069;43020;2
23552109;1308626;144141;QSA002;30703;43020;2
23552110;1308626;161775;QSA002;70;43020;2
23642114;1251273;562680;ARB002;55497;43013;4
23642115;1251273;1033372;MARB010;1;43009;41
23642116;1251273;250321;AMS;63638;24;18
23642117;1251273;260246;AMS;11730;24;18
23642118;1251273;273874;AMS;50005;24;18
23642119;1251273;312149;AMS;110;24;18
23642120;1251273;1233653;MARB009;55497;43008;41
23642121;1251273;1235145;MARB009;62224;43008;41
23642122;1251273;1241872;MARB009;64830;43008;41
23642123;1251273;1244478;MARB009;809;43008;41
23642124;1251273;1245993;MARB009;4138;43008;41
23642125;1251273;1249322;MARB009;32247;43008;41
23642126;1251273;1277431;MARB009;3026;43008;41
23642127;1251273;1313746;MARB009;18130;43008;41
23642128;1251273;1328850;MARB009;60547;43008;41
23642129;1251273;1436803;MARB009;5490;43008;41
23642130;1251273;1447282;MARB009;10413;43008;41
23642131;1251273;1452205;MARB009;1385;43008;41
23642132;1251273;1574249;MARB009;817;43008;41
23642133;1251273;1639217;MARB009;5212;43008;41
23642134;1251273;1643612;MARB009;0;43008;41
23832073;1302760;222523;AMS;10;24;18
23832074;1302760;274079;ARB002;8094;43013;4
23832075;1302760;335774;ARB002;39624;43013;4
23832076;1302760;367304;ARB002;14950;43013;4
23832077;1302760;408166;ARB002;34030;43013;4
23832078;1302760;558318;ARB002;0;43013;4
23832079;1302760;3913;CJI;12395;32798;32798
23832080;1302760;77931;CJI;29451;32798;32798
23832081;1302760;94987;CJI;44341;32798;32798
23832082;1302760;109877;CJI;49801;32798;32798
23832083;1302760;115337;CJI;1;32798;32798
23832116;1284656;101806;CJI;10;32798;32798
23832117;1284656;18257;CMB;1;32799;32799
23920938;1321242;199877;AMS;26036;24;18
23920939;1321242;222644;AMS;26510;24;18
23920940;1321242;223118;AMS;28280;24;18
23920941;1321242;224888;AMS;49069;24;18
23920942;1321242;245677;AMS;49260;24;18
23920943;1321242;245868;AMS;49550;24;18
23920944;1321242;246158;AMS;53052;24;18
23920945;1321242;249660;AMS;55092;24;18
23920946;1321242;251700;AMS;63578;24;18
23920947;1321242;260186;AMS;3759;24;18
23920948;1321242;265903;AMS;5528;24;18
23920949;1321242;267672;AMS;12906;24;18
23920950;1321242;275050;AMS;14263;24;18
23920951;1321242;276407;AMS;23343;24;18
23920952;1321242;285487;AMS;35499;24;18
23920953;1321242;297643;AMS;39762;24;18
23920954;1321242;301906;AMS;48787;24;18
23920955;1321242;310931;AMS;49682;24;18
23920956;1321242;311826;AMS;52791;24;18
23920957;1321242;314935;AMS;57523;24;18
23920958;1321242;319667;AMS;57901;24;18
23920959;1321242;320045;AMS;36080;24;18
23920960;1321242;378195;ARB002;1066;43013;4
23920961;1321242;394282;ARB002;3844;43013;4
23920962;1321242;397060;ARB002;3847;43013;4
23920963;1321242;397063;ARB002;31136;43013;4
23920964;1321242;424352;ARB002;43378;43013;4
23920965;1321242;436594;ARB002;6472;43013;4
23920966;1321242;1541612;MARB010;35742;43009;41
23920967;1321242;1608606;MARB010;41376;43009;41
23920968;1321242;1539310;MARB009;47636;43008;41
23920969;1321242;1554964;MARB009;41376;43008;41
23920970;1321242;1614240;MARB009;51329;43008;41
23920971;1321242;1624193;MARB009;56358;43008;41
23920972;1321242;1629222;MARB009;57173;43008;41
23920973;1321242;1630037;MARB009;817;43008;41
23920974;1321242;1639217;MARB009;2662;43008;41
23920975;1321242;1641062;MARB009;5212;43008;41
23920976;1321242;1643612;MARB009;0;43008;41
24136292;1324265;201204;RZR;9715;32913;0
24136293;1324265;206323;RZR;59393;32913;0
24136294;1324265;321537;RZR;60451;32913;0
24136295;1324265;322595;RZR;4376;32913;0
24136296;1324265;120662;CJI;10;32798;32798
24250030;1259788;18504;CMB;10;32799;32799
24250031;1259788;319690;RZR;1;32913;0
24279865;1324813;189707;MNV;1;32902;1
24365559;1325873;321646;AMS;1;24;18
24489144;1328828;321760;LAW;1;1;0
24504507;1276316;301546;RZR;54990;32913;0
24504508;1276316;317134;RZR;0;32913;0
24647314;1330938;87344;AVV;0;29;22
24647315;1330938;584813;ARB002;1;43013;4
24959719;1335078;160651;PBI;47505;32776;37
24959720;1335078;178577;PBI;85;32776;37
24959721;1335078;85587;RZR;0;32913;0
24959722;1335078;49008;CJI;20489;32798;32798
24959723;1335078;86025;CJI;20508;32798;32798
24959724;1335078;86044;CJI;0;32798;32798
24966031;1335156;539531;ARB002;15834;43013;4
24966032;1335156;540122;ARB002;0;43013;4
25008468;1335702;263458;AMS;1;24;18
25018847;1298228;125475;AMS;31015;24;18
25018848;1298228;162087;AMS;5305;24;18
25018849;1298228;201913;AMS;25915;24;18
25018850;1298228;222523;AMS;48855;24;18
25018851;1298228;245463;AMS;16067;24;18
25018852;1298228;278211;AMS;32359;24;18
25018853;1298228;294503;AMS;34398;24;18
25018854;1298228;296542;AMS;35772;24;18
25018855;1298228;297916;AMS;36133;24;18
25018856;1298228;298277;AMS;36149;24;18
25018857;1298228;298293;AMS;36270;24;18
25018858;1298228;298414;AMS;36584;24;18
25018859;1298228;298728;AMS;39761;24;18
25018860;1298228;301905;AMS;42234;24;18
25018861;1298228;304378;AMS;42740;24;18
25018862;1298228;304884;AMS;42826;24;18
25018863;1298228;304970;AMS;44049;24;18
25018864;1298228;306193;AMS;46948;24;18
25018865;1298228;309092;AMS;49023;24;18
25018866;1298228;311167;AMS;51028;24;18
25018867;1298228;313172;AMS;51167;24;18
25018868;1298228;313311;AMS;55947;24;18
25018869;1298228;318091;AMS;56963;24;18
25018870;1298228;319107;AMS;60740;24;18
25018871;1298228;322884;AMS;61006;24;18
25018872;1298228;323150;AMS;61219;24;18
25018873;1298228;323363;AMS;0;24;18
25018874;1298228;180533;ARB002;49462;43013;4
25018875;1298228;180534;ARB002;30382;43013;4
25018876;1298228;226990;ARB002;11935;43013;4
25018877;1298228;274079;ARB002;63378;43013;4
25018878;1298228;522130;ARB002;34030;43013;4
25018879;1298228;558318;ARB002;36080;43013;4
25018880;1298228;560368;ARB002;0;43013;4
25018881;1298228;3913;CJI;10870;32798;32798
25018882;1298228;10870;CJI;12406;32798;32798
25018883;1298228;12406;CJI;115;32798;32798
25018884;1298228;1059997;MARB009;40995;43008;41
25018885;1298228;1351715;MARB009;56476;43008;41
25018886;1298228;1432732;MARB009;25915;43008;41
25027997;1251275;129933;MARB009;8122;43008;41
25027998;1251275;139194;MARB009;1087;43008;41
25027999;1251275;197695;MARB009;29436;43008;41
25028000;1251275;357116;MARB009;48608;43008;41
25028001;1251275;441824;MARB009;4539;43008;41
25028002;1251275;594363;MARB009;12492;43008;41
25028003;1251275;995532;MARB009;5470;43008;41
25028004;1251275;1250654;MARB009;32330;43008;41
25028005;1251275;1277514;MARB009;0;43008;41
25028006;1251275;113915;AMS;55210;24;18
25028007;1251275;120746;AMS;53076;24;18
25028008;1251275;184148;AMS;5644;24;18
25028009;1251275;202252;AMS;42313;24;18
25028010;1251275;238921;AMS;50969;24;18
25028011;1251275;247577;AMS;55987;24;18
25028012;1251275;252595;AMS;58075;24;18
25028013;1251275;254683;AMS;62445;24;18
25028014;1251275;259053;AMS;510;24;18
25028015;1251275;262654;AMS;1731;24;18
25028016;1251275;263875;AMS;3130;24;18
25028017;1251275;265274;AMS;7097;24;18
25028018;1251275;269241;AMS;12833;24;18
25028019;1251275;274977;AMS;16973;24;18
25028020;1251275;279117;AMS;18405;24;18
25028021;1251275;280549;AMS;18991;24;18
25028022;1251275;281135;AMS;22022;24;18
25028023;1251275;284166;AMS;24405;24;18
25028024;1251275;286549;AMS;24732;24;18
25028025;1251275;286876;AMS;34724;24;18
25028026;1251275;296868;AMS;39115;24;18
25028027;1251275;301259;AMS;45430;24;18
25028028;1251275;307574;AMS;50182;24;18
25028029;1251275;312326;AMS;51916;24;18
25028030;1251275;314060;AMS;55189;24;18
25028031;1251275;317333;AMS;48848;24;18
25028032;1251275;50297;ARB002;1839;43013;4
25028033;1251275;329519;ARB002;21040;43013;4
25028034;1251275;348720;ARB002;26050;43013;4
25028035;1251275;484802;ARB002;61783;43013;4
25028036;1251275;520535;ARB002;38415;43013;4
25028037;1251275;562703;ARB002;48968;43013;4
25028038;1251275;573256;ARB002;0;43013;4
25090235;1251174;504665;ARB002;51961;43013;4
25090236;1251174;576249;ARB002;6704;43013;4
25093060;1336728;213932;RZR;1;32913;0
25912561;1359406;89181;DOF;39182;32870;3
25912562;1359406;113042;CJI;0;32798;32798
26008751;1360643;111953;CJI;0;32798;32798
26021024;1360751;106668;CJI;1;32798;32798
26021025;1360751;234954;PBI;0;32776;37
26040379;1360981;236770;SOSB;62937;32908;32908
26040380;1360981;259545;SOSB;62955;32908;32908
26040381;1360981;259563;SOSB;62967;32908;32908
26040382;1360981;259575;SOSB;62983;32908;32908
26040383;1360981;259591;SOSB;924;32908;32908
26040384;1360981;263068;SOSB;50261;32908;32908
26040385;1360981;156436;LAW;1;1;0
26136434;1341250;308584;RZR;1;32913;0
26136435;1341250;122891;CJI;0;32798;32798
26136436;1341250;167678;QSA;51405;QSA001;2
26136437;1341250;182477;QSA;85;QSA001;2
26184147;1362709;176896;SOSB;1;32908;32908
26184148;1362709;89120;LAW;0;1;0
26219344;1308731;18504;CMB;1;32799;32799
26451587;1366763;863872;MARB;40579;MARB009;41
26451588;1366763;958083;MARB;18015;MARB009;41
26451589;1366763;1001055;MARB;30822;MARB009;41
26451590;1366763;1013862;MARB;6806;MARB009;41
26451591;1366763;1055382;MARB;20802;MARB009;41
26451592;1366763;1069378;MARB;23236;MARB009;41
26451593;1366763;1071812;MARB;1670;MARB009;41
26451594;1366763;1181318;MARB;3788;MARB009;41
26451595;1366763;1183436;MARB;45450;MARB009;41
26451596;1366763;1225098;MARB;5766;MARB009;41
26451597;1366763;1644166;MARB;24801;MARB009;41
26451598;1366763;162029;BPV;1;32809;26
26451599;1366763;103273;CJI;0;32798;32798
26451600;1366763;210815;RZR;16967;32913;0
26451601;1366763;279111;RZR;62019;32913;0
26451602;1366763;324163;RZR;64227;32913;0
26451603;1366763;326371;RZR;65359;32913;0
26451604;1366763;327503;RZR;0;32913;0
26451605;1366763;316462;AMS;10;24;18
26561520;1275743;185130;AMS;56232;24;18
26561521;1275743;187304;AMS;58974;24;18
26561522;1275743;190046;AMS;43773;24;18
26561523;1275743;305917;AMS;17440;24;18
26561524;1275743;11817;ARB;39992;ARB002;4
26561525;1275743;105528;ARB;28727;ARB002;4
26561526;1275743;356407;ARB;39023;ARB002;4
26561527;1275743;366703;ARB;55426;ARB002;4
26561528;1275743;448642;ARB;53731;ARB002;4
26561529;1275743;578019;ARB;257;ARB002;4
26561530;1275743;742;PPVS;0;32875;32875
26642990;1369284;579545;ARB;0;ARB002;4
26659298;1369472;148356;RZR;1;32913;0
26752080;1370086;296977;RZR;1;32913;0
26753471;1338043;131143;QSA;1451;QSA002;2
26753472;1338043;132523;QSA;0;QSA002;2
26753473;1338043;55460;QSA;36142;QSA001;2
26753474;1338043;167214;QSA;85;QSA001;2
26782841;1369866;71355;DOF;20415;32870;3
26782842;1369866;85951;DOF;24602;32870;3
26782843;1369866;90138;DOF;25468;32870;3
26782844;1369866;91004;DOF;110;32870;3
26782845;1369866;107970;RZR;34833;32913;0
26782846;1369866;296977;RZR;0;32913;0
26782847;1369866;75790;CJI;18296;32798;32798
26782848;1369866;83832;CJI;39879;32798;32798
26782849;1369866;105415;CJI;53796;32798;32798
26782850;1369866;119332;CJI;56;32798;32798
26856514;1266858;312161;RZR;10;32913;0
26867946;1370828;1267680;MARB;24574;MARB009;41
26867947;1370828;1662974;MARB;50220;MARB009;41
26867948;1370828;1688620;MARB;53620;MARB009;41
26867949;1370828;1692020;MARB;56;MARB009;41
26867950;1370828;216698;AMS;48819;24;18
26867951;1370828;245427;AMS;53092;24;18
26867952;1370828;249700;AMS;57271;24;18
26867953;1370828;253879;AMS;37480;24;18
26965413;1246805;14004;RZR;65498;32913;0
26965414;1246805;65498;RZR;39728;32913;0
26965415;1246805;105264;RZR;12791;32913;0
26965416;1246805;143863;RZR;17284;32913;0
26965417;1246805;148356;RZR;31083;32913;0
26965418;1246805;162155;RZR;35561;32913;0
26965419;1246805;166633;RZR;50530;32913;0
26965420;1246805;181602;RZR;10937;32913;0
26965421;1246805;207545;RZR;15882;32913;0
26965422;1246805;212490;RZR;19033;32913;0
26965423;1246805;215641;RZR;22263;32913;0
26965424;1246805;218871;RZR;22265;32913;0
26965425;1246805;218873;RZR;24177;32913;0
26965426;1246805;286321;RZR;52635;32913;0
26965427;1246805;314779;RZR;52847;32913;0
26965428;1246805;314991;RZR;0;32913;0
26965429;1246805;429679;ARB;23376;ARB001;4
26965430;1246805;482128;ARB;31242;ARB001;4
26965431;1246805;489994;ARB;41068;ARB001;4
26965432;1246805;565356;ARB;56;ARB001;4
26965433;1246805;138203;ARB;47963;ARB002;4
26965434;1246805;572251;ARB;39728;ARB002;4
27272311;1375214;169581;QSA;0;QSA001;2
27309229;1375563;97314;AVS;0;30;23
27309230;1375563;1217509;MARB;0;MARB009;41
27804476;1324630;219723;PBI;10;32776;37
27804477;1324630;15897;CMB;18534;32799;32799
27804478;1324630;18534;CMB;0;32799;32799
27804582;1377944;18534;CMB;1;32799;32799
27812118;1378014;137349;RZR;62019;32913;0
27812119;1378014;324163;RZR;0;32913;0
27815761;1378058;326224;LAW;1;1;0
27851871;1376812;1292533;MARB;0;RAMSMARB;41
27851872;1376812;18161;CMB;10;32799;32799
28061775;1381393;1699447;MARB;1;MARB009;41
28068776;1366894;881072;MARB;18305;MARB009;41
28068777;1366894;1329025;MARB;5766;MARB009;41
28068778;1366894;1644166;MARB;41207;MARB009;41
28068779;1366894;1679607;MARB;42910;MARB009;41
28068780;1366894;1681310;MARB;61047;MARB009;41
28068781;1366894;1699447;MARB;50984;MARB009;41
28068784;1366373;181148;QSA;1;QSA002;2
28068785;1366373;1051893;MARB;54264;MARB009;41
28068786;1366373;1168376;MARB;52491;MARB009;41
28068787;1366373;1232139;MARB;21366;MARB009;41
28068788;1366373;1266550;MARB;24508;MARB009;41
28068789;1366373;1269692;MARB;31778;MARB009;41
28068790;1366373;1276962;MARB;65333;MARB009;41
28068791;1366373;1310517;MARB;52067;MARB009;41
28068792;1366373;1428323;MARB;9007;MARB009;41
28068793;1366373;1450799;MARB;9162;MARB009;41
28068794;1366373;1582026;MARB;62751;MARB009;41
28068795;1366373;1635615;MARB;22357;MARB009;41
28068796;1366373;1660757;MARB;42910;MARB009;41
28068797;1366373;1681310;MARB;61047;MARB009;41
28068798;1366373;1699447;MARB;22272;MARB009;41
28068799;1366373;339093;ARB;53878;ARB002;4
28068800;1366373;447094;ARB;6462;ARB002;4
28068801;1366373;465214;ARB;64222;ARB002;4
28068802;1366373;522974;ARB;22770;ARB002;4
28068803;1366373;547058;ARB;31778;ARB002;4
28068804;1366373;1607310;MARB;35706;MARB010;41
28068805;1366373;1608570;MARB;14211;MARB010;41
28068806;1366373;106595;AMS;42577;24;18
28068807;1366373;108113;AMS;14211;24;18
28068808;1366373;145283;AMS;16522;24;18
28068809;1366373;147594;AMS;12085;24;18
28068810;1366373;208693;AMS;19808;24;18
28068811;1366373;216416;AMS;31357;24;18
28068812;1366373;227965;AMS;58810;24;18
28068813;1366373;255418;AMS;11507;24;18
28068814;1366373;273651;AMS;19939;24;18
28068815;1366373;282083;AMS;37249;24;18
28068816;1366373;299393;AMS;49874;24;18
28068817;1366373;312018;AMS;54318;24;18
28068818;1366373;316462;AMS;60084;24;18
28068819;1366373;322228;AMS;0;24;18
28068820;1366373;96232;CJI;10;32798;32798
28286287;1283382;198382;RZR;40679;32913;0
28286288;1283382;302823;RZR;0;32913;0
28638808;1388711;130970;QSA;1;QSA002;2
28814952;1390845;154329;AMS;1;24;18
28816242;1390633;158586;ARB;26677;ARB002;4
28816243;1390633;288821;ARB;12269;ARB002;4
28816244;1390633;339949;ARB;116;ARB002;4
28816245;1390633;35129;RZR;23317;32913;0
28816246;1390633;219925;RZR;0;32913;0
28816247;1390633;36237;AMS;8543;24;18
28816248;1390633;74079;AMS;58946;24;18
28816249;1390633;124482;AMS;65478;24;18
28816250;1390633;131014;AMS;2344;24;18
28816251;1390633;133416;AMS;2362;24;18
28816252;1390633;133434;AMS;14877;24;18
28816253;1390633;145949;AMS;20425;24;18
28816254;1390633;151497;AMS;23257;24;18
28816255;1390633;154329;AMS;27984;24;18
28816256;1390633;159056;AMS;46930;24;18
28816257;1390633;178002;AMS;50638;24;18
28816258;1390633;181710;AMS;52167;24;18
28816259;1390633;183239;AMS;59127;24;18
28816260;1390633;190199;AMS;6836;24;18
28816261;1390633;203444;AMS;9963;24;18
28816262;1390633;206571;AMS;11017;24;18
28816263;1390633;207625;AMS;15474;24;18
28816264;1390633;212082;AMS;21513;24;18
28816265;1390633;218121;AMS;34952;24;18
28816266;1390633;231560;AMS;39769;24;18
28816267;1390633;301913;AMS;60086;24;18
28816268;1390633;322230;AMS;34352;24;18
28816269;1390633;14;PSP;1;32815;32815
28816270;1390633;31366;BVV;10;32805;22
28816271;1390633;430447;ARB;58946;ARB001;4
29045751;1391846;808;CJI;25498;32798;32798
29045752;1391846;25498;CJI;44659;32798;32798
29045753;1391846;44659;CJI;45295;32798;32798
29045754;1391846;45295;CJI;55765;32798;32798
29045755;1391846;55765;CJI;55778;32798;32798
29045756;1391846;55778;CJI;57068;32798;32798
29045757;1391846;57068;CJI;57672;32798;32798
29045758;1391846;57672;CJI;58746;32798;32798
29045759;1391846;58746;CJI;19338;32798;32798
29045760;1391846;84874;CJI;26017;32798;32798
29045761;1391846;91553;CJI;30328;32798;32798
29045762;1391846;95864;CJI;32857;32798;32798
29045763;1391846;98393;CJI;33065;32798;32798
29045764;1391846;98601;CJI;33339;32798;32798
29045765;1391846;98875;CJI;42502;32798;32798
29045766;1391846;108038;CJI;45974;32798;32798
29045767;1391846;111510;CJI;55906;32798;32798
29045768;1391846;121442;CJI;8192;32798;32798
29045769;1391846;18179;CMB;1;32799;32799
29247482;1394426;599061;ARB;1;ARB002;4
29449378;1397215;160746;ARB;49435;ARB002;4
29449379;1397215;442651;ARB;85;ARB002;4
29449380;1397215;115432;BZS;0;32808;25
29449381;1397215;179858;AMS;8163;24;18
29449382;1397215;204771;AMS;0;24;18
29449383;1397215;22533;PBI;1;32776;37
29449752;1397211;109498;BPV;1;32809;26
29449753;1397211;9514;CMB;1;32799;32799
29449754;1397211;1754;BSZ;0;32810;27
29449755;1397211;22533;PBI;43356;32776;37
29449756;1397211;174428;PBI;60625;32776;37
29449757;1397211;191697;PBI;15620;32776;37
29449758;1397211;212228;PBI;56;32776;37
29449759;1397211;85114;CJI;10;32798;32798
29449760;1397211;5264;ARB;17853;ARB002;4
29449761;1397211;214461;ARB;0;ARB002;4
29453241;1396382;66303;CJI;0;32798;32798
29453242;1396382;255055;PBI;58957;32776;37
29453243;1396382;255565;PBI;0;32776;37
29465586;1397445;122353;CJI;10;32798;32798
29465587;1397445;563130;ARB;1;ARB002;4
29567983;1398525;167239;ARB;10;ARB002;4
29567984;1398525;1473120;MARB;1;MARB010;41
29568219;1324629;307074;RZR;3116;32913;0
29568220;1324629;330796;RZR;0;32913;0
29568221;1324629;43371;RGSS;10;32874;32874
29568222;1324629;110621;CJI;52628;32798;32798
29568223;1324629;118164;CJI;57918;32798;32798
29568224;1324629;123454;CJI;115;32798;32798
29568225;1324629;18403;CMB;1;32799;32799
29800680;1274116;283621;RZR;25972;32913;0
29800681;1274116;175140;QSA;0;QSA002;2
29800682;1274116;178029;BSZ;0;32810;27
29800683;1274116;94804;BDV;10;32807;24
29800684;1274116;129053;BZS;20596;32808;25
29800685;1274116;135031;MNV;6380;32902;1
29800686;1274116;137452;MNV;85;32902;1
29800687;1274116;254124;AMS;0;24;18
29800688;1274116;1095230;MARB;47632;RAMSMARB;41
29800689;1274116;1096208;MARB;47633;RAMSMARB;41
29800690;1274116;1096209;MARB;0;RAMSMARB;41
29800691;1274116;176660;QSA;47430;QSA001;2
29800692;1274116;178502;QSA;48276;QSA001;2
29800693;1274116;179348;QSA;50928;QSA001;2
29800694;1274116;182000;QSA;50981;QSA001;2
29800695;1274116;182053;QSA;51088;QSA001;2
29800696;1274116;182160;QSA;56651;QSA001;2
29800697;1274116;187723;QSA;0;QSA001;2
29898697;1401165;117499;QSA;10;QSA002;2
29898698;1401165;112966;RZR;9534;32913;0
29898699;1401165;140606;RZR;12836;32913;0
29898700;1401165;143908;RZR;58016;32913;0
29898701;1401165;189088;RZR;47326;32913;0
29898702;1401165;309470;RZR;3100;32913;0
29898703;1401165;330780;RZR;26952;32913;0
30091763;1402672;120071;CJI;10;32798;32798
30091764;1402672;134760;QSA;0;QSA002;2
30091765;1402672;314779;RZR;1;32913;0
30117779;1263846;16698;CMB;18371;32799;32799
30117780;1263846;18371;CMB;85;32799;32799
30117781;1263846;207545;RZR;12718;32913;0
30117782;1263846;209326;RZR;16663;32913;0
30117783;1263846;278807;RZR;41499;32913;0
30117784;1263846;303643;RZR;47095;32913;0
30117785;1263846;309239;RZR;58305;32913;0
30117786;1263846;320449;RZR;6472;32913;0
30338459;756034;187354;LAW;54099;1;0
30365438;1404429;169206;RZR;38610;32913;0
30365439;1404429;300754;RZR;0;32913;0
30372552;1384536;1327;PBI;0;32776;37
30372553;1384536;579060;ARB;0;ARB002;4
30380797;1404537;322880;RZR;1;32913;0
30380798;1404537;18374;CMB;10;32799;32799
30380799;1404537;61496;CJI;0;32798;32798
30470793;1405304;46312;PAPB;25294;32938;3
30470794;1405304;90830;PAPB;39104;32938;3
30470795;1405304;118144;CJI;52609;32798;32798
30470796;1405304;118145;CJI;0;32798;32798
30470797;1405304;235117;PBI;1;32776;37
30542124;1243404;545248;ARB;18100;ARB002;4
30542125;1243404;388314;MARB;18100;RAMSMARB;41
30542126;1243404;411316;MARB;19545;RAMSMARB;41
30542127;1243404;412761;MARB;20428;RAMSMARB;41
30542128;1243404;413644;MARB;47806;RAMSMARB;41
30542129;1243404;441022;MARB;60413;RAMSMARB;41
30542130;1243404;519165;MARB;26664;RAMSMARB;41
30542131;1243404;550952;MARB;17208;RAMSMARB;41
30542132;1243404;607032;MARB;32500;RAMSMARB;41
30542133;1243404;622324;MARB;11678;RAMSMARB;41
30542134;1243404;667038;MARB;42715;RAMSMARB;41
30542135;1243404;763611;MARB;61712;RAMSMARB;41
30542136;1243404;848144;MARB;4231;RAMSMARB;41
30542137;1243404;856199;MARB;22378;RAMSMARB;41
30542138;1243404;874346;MARB;39815;RAMSMARB;41
30542139;1243404;891783;MARB;50849;RAMSMARB;41
30542140;1243404;902817;MARB;55359;RAMSMARB;41
30542141;1243404;907327;MARB;17602;RAMSMARB;41
30542142;1243404;935106;MARB;2872;RAMSMARB;41
30542143;1243404;985912;MARB;8315;RAMSMARB;41
30542144;1243404;991355;MARB;10851;RAMSMARB;41
30542145;1243404;993891;MARB;11707;RAMSMARB;41
30542146;1243404;1060283;MARB;41391;RAMSMARB;41
30542147;1243404;1089967;MARB;32584;RAMSMARB;41
30542148;1243404;1146696;MARB;33241;RAMSMARB;41
30542149;1243404;1147353;MARB;51743;RAMSMARB;41
30542150;1243404;1165855;MARB;13176;RAMSMARB;41
30542151;1243404;1192824;MARB;35366;RAMSMARB;41
30542152;1243404;1280550;MARB;27380;RAMSMARB;41
30542153;1243404;1338100;MARB;16561;RAMSMARB;41
30542154;1243404;1392817;MARB;20031;RAMSMARB;41
30542155;1243404;1396287;MARB;28629;RAMSMARB;41
30542156;1243404;1470421;MARB;37593;RAMSMARB;41
30542157;1243404;1479385;MARB;45946;RAMSMARB;41
30542158;1243404;1487738;MARB;57605;RAMSMARB;41
30542159;1243404;1499397;MARB;630;RAMSMARB;41
30542160;1243404;1507958;MARB;4165;RAMSMARB;41
30542161;1243404;1511493;MARB;13749;RAMSMARB;41
30542162;1243404;1521077;MARB;23243;RAMSMARB;41
30542163;1243404;1530571;MARB;24119;RAMSMARB;41
30542164;1243404;1531447;MARB;26139;RAMSMARB;41
30542165;1243404;1533467;MARB;33889;RAMSMARB;41
30542166;1243404;1541217;MARB;35102;RAMSMARB;41
30542167;1243404;1542430;MARB;61240;RAMSMARB;41
30542168;1243404;1568568;MARB;19659;RAMSMARB;41
30542169;1243404;1592523;MARB;27624;RAMSMARB;41
30542170;1243404;1600488;MARB;6500;RAMSMARB;41
30542171;1243404;1644900;MARB;15485;RAMSMARB;41
30542172;1243404;1653885;MARB;22070;RAMSMARB;41
30542173;1243404;1660470;MARB;776;RAMSMARB;41
30545114;1271187;11817;ARB;5694;ARB002;4
30545115;1271187;398910;ARB;38842;ARB002;4
30545116;1271187;563130;ARB;62022;ARB002;4
30545117;1271187;586310;ARB;0;ARB002;4
30545118;1271187;234393;MARB;40771;MARB009;41
30545119;1271187;499523;MARB;57139;MARB009;41
30545120;1271187;1564467;MARB;0;MARB009;41
30545121;1271187;209274;AMS;22732;24;18
30545122;1271187;284876;AMS;35774;24;18
30545123;1271187;297918;AMS;43773;24;18
30545124;1271187;305917;AMS;55220;24;18
30545125;1271187;317364;AMS;58797;24;18
30545126;1271187;70378;PBI;11997;32776;37
30545127;1271187;143069;PBI;0;32776;37
30545128;1271187;122908;CJI;1;32798;32798
30545129;1271187;157919;RZR;23317;32913;0
30545130;1271187;219925;RZR;61244;32913;0
30545131;1271187;323388;RZR;70;32913;0
30545132;1271187;239535;ARB;10;ARB001;4
30545507;1406120;375229;ARB;1;ARB002;4
30545613;1406079;1444279;MARB;10;MARB010;41
30545614;1406079;42039;SIP;0;32880;32880
30545615;1406079;275838;ARB;38772;ARB002;4
30545616;1406079;563060;ARB;44774;ARB002;4
30545617;1406079;569062;ARB;0;ARB002;4
30672111;1254718;525866;ARB;43744;ARB002;4
30672112;1254718;568032;ARB;4560;ARB002;4
30672113;1254718;215641;RZR;22263;32913;0
30672114;1254718;218871;RZR;0;32913;0
30672115;1254718;42683;PAPB;0;32938;3
30672116;1254718;258427;AMS;64468;24;18
30672117;1254718;261076;AMS;31798;24;18
30672118;1254718;293942;AMS;0;24;18
30733344;1406967;18708;CMB;45764;32799;32799
30733345;1406967;107153;CJI;45764;32798;32798
30733346;1406967;111300;CJI;45779;32798;32798
30733347;1406967;111315;CJI;47567;32798;32798
30733348;1406967;113103;CJI;48671;32798;32798
30733349;1406967;114207;CJI;53705;32798;32798
30733350;1406967;119241;CJI;55965;32798;32798
30733351;1406967;121501;CJI;56588;32798;32798
30733352;1406967;122124;CJI;56917;32798;32798
30733353;1406967;122453;CJI;51;32798;32798
30740082;1257228;4814;CJI;55306;32798;32798
30740083;1257228;120842;CJI;0;32798;32798
30740084;1257228;457312;ARB;20654;ARB002;4
30740085;1257228;479406;ARB;57484;ARB002;4
30740086;1257228;516236;ARB;0;ARB002;4
30740087;1257228;43326;PAPB;10;32938;3
30740088;1257228;15369;CMB;15922;32799;32799
30740089;1257228;15922;CMB;17126;32799;32799
30740090;1257228;17126;CMB;17617;32799;32799
30740091;1257228;17617;CMB;17721;32799;32799
30740092;1257228;17721;CMB;18813;32799;32799
30740093;1257228;18813;CMB;17408;32799;32799
30740094;1257228;162155;RZR;2464;32913;0
30740095;1257228;330144;RZR;0;32913;0
30740096;1257228;249349;AMS;3994;24;18
30740097;1257228;266138;AMS;31270;24;18
30740098;1257228;293414;AMS;115;24;18
30756078;1408802;36574;SIP;1;32880;32880
30849442;1409172;125315;ASK;10;35;28
30849443;1409172;21332;AMS;57006;24;18
30849444;1409172;319150;AMS;5;24;18
30849445;1409172;79255;AVV;14137;29;22
30849446;1409172;79673;AVV;0;29;22
30849447;1409172;3413;ADV;14745;31;24
30849448;1409172;14745;ADV;5;31;24
30849449;1409172;171683;APV;48397;33;26
30849450;1409172;179469;APV;0;33;26
31173924;1412243;99720;RZR;40589;32913;0
31173925;1412243;106125;RZR;52680;32913;0
31173926;1412243;314824;RZR;2492;32913;0
31173927;1412243;330172;RZR;6472;32913;0
31173928;1412243;334152;RZR;1;32913;0
31173931;1412249;98464;RZR;1;32913;0
31675205;1413833;319756;RZR;59436;32913;0
31675206;1413833;321580;RZR;0;32913;0
31973642;1388688;93980;QSA;45556;QSA002;2
31973643;1388688;111092;QSA;50331;QSA002;2
31973644;1388688;115867;QSA;56748;QSA002;2
31973645;1388688;122284;QSA;59393;QSA002;2
31973646;1388688;124929;QSA;63589;QSA002;2
31973647;1388688;129125;QSA;57;QSA002;2
31973648;1388688;131129;QSA;2596;QSA002;2
31973649;1388688;133668;QSA;5275;QSA002;2
31973650;1388688;136347;QSA;6589;QSA002;2
31973651;1388688;137661;QSA;9659;QSA002;2
31973652;1388688;140731;QSA;13249;QSA002;2
31973653;1388688;144321;QSA;13808;QSA002;2
31973654;1388688;144880;QSA;14841;QSA002;2
31973655;1388688;145913;QSA;17228;QSA002;2
31973656;1388688;148300;QSA;18928;QSA002;2
31973657;1388688;150000;QSA;22586;QSA002;2
31973658;1388688;153658;QSA;25692;QSA002;2
31973659;1388688;156764;QSA;31920;QSA002;2
31973660;1388688;18460;CMB;45556;32799;32799
31978857;1413902;27076;PAPB;15301;32938;3
31978858;1413902;80837;PAPB;15302;32938;3
31978859;1413902;80838;PAPB;19350;32938;3
31978860;1413902;84886;PAPB;21510;32938;3
31978861;1413902;87046;PAPB;28074;32938;3
31978862;1413902;121917;QSA;4901;QSA002;2
31978863;1413902;135973;QSA;12844;QSA002;2
31978864;1413902;143916;QSA;18787;QSA002;2
31978865;1413902;149859;QSA;22482;QSA002;2
31978866;1413902;153554;QSA;28074;QSA002;2
31978867;1413902;159146;QSA;28331;QSA002;2
31978868;1413902;159403;QSA;53983;QSA002;2
31978869;1413902;185055;QSA;55151;QSA002;2
31978870;1413902;186223;QSA;55735;QSA002;2
31978871;1413902;186807;QSA;57275;QSA002;2
31978872;1413902;188347;QSA;24801;QSA002;2
31978873;1413902;81286;CJI;30049;32798;32798
31978874;1413902;95585;CJI;42272;32798;32798
31978875;1413902;107808;CJI;59387;32798;32798
31978876;1413902;124923;CJI;56;32798;32798
32288662;1415738;579559;ARB;1;ARB002;4
32293181;1257227;138203;ARB;15453;ARB002;4
32293182;1257227;408669;ARB;34030;ARB002;4
32293183;1257227;558318;ARB;115;ARB002;4
32293184;1257227;3913;CJI;10870;32798;32798
32293185;1257227;10870;CJI;12406;32798;32798
32293186;1257227;12406;CJI;52936;32798;32798
32293187;1257227;52936;CJI;53192;32798;32798
32293188;1257227;53192;CJI;6790;32798;32798
32293189;1257227;72326;CJI;26105;32798;32798
32293190;1257227;91641;CJI;44341;32798;32798
32293191;1257227;109877;CJI;56422;32798;32798
32293192;1257227;121958;CJI;1085;32798;32798
32293193;1257227;16660;CMB;17617;32799;32799
32293194;1257227;17617;CMB;18374;32799;32799
32293195;1257227;18374;CMB;116;32799;32799
32293196;1257227;190201;AMS;49850;24;18
32293197;1257227;311994;AMS;85;24;18
32293198;1257227;43452;RZR;65498;32913;0
32293199;1257227;65498;RZR;0;32913;0
32293538;1368208;121958;CJI;0;32798;32798
32293539;1368208;217629;AMS;10;24;18
32293540;1368208;176091;RZR;1;32913;0
32293541;1368208;16902;CMB;0;32799;32799
32294239;1416133;199443;ARB;18897;ARB002;4
32294240;1416133;346577;ARB;11793;ARB002;4
32294241;1416133;405009;ARB;0;ARB002;4
32294242;1416133;275105;AMS;0;24;18
32294243;1416133;121958;CJI;10;32798;32798
32305279;1416156;81596;BVV;10;32805;22
32305280;1416156;275105;AMS;1;24;18
32619542;1381006;70378;PBI;1;32776;37
32619543;1381006;77362;AMS;14877;24;18
32619544;1381006;145949;AMS;7372;24;18
32619545;1381006;203980;AMS;18825;24;18
32619546;1381006;280969;AMS;35774;24;18
32619547;1381006;297918;AMS;2272;24;18
32619548;1381006;329952;AMS;0;24;18
32619549;1381006;601448;ARB;0;ARB002;4
32619550;1381006;234393;MARB;41969;MARB009;41
32619551;1381006;631793;MARB;85;MARB009;41
32622695;1270127;1482900;MARB;10;MARB009;41
32622696;1270127;77362;AMS;61906;24;18
32622697;1270127;192978;AMS;6287;24;18
32622698;1270127;268431;AMS;17874;24;18
32622699;1270127;280018;AMS;110;24;18
32622700;1270127;700233;MARB;1;MARB010;41
32622701;1270127;546557;ARB;0;ARB002;4
32626009;1417966;383750;ARB;1;ARB002;4
32668213;1418758;270092;ARB;1;ARB002;4
32668245;1314452;530637;ARB;10;ARB002;4
32668246;1314452;253730;MARB;50757;MARB009;41
32668247;1314452;1623621;MARB;0;MARB009;41
32668248;1314452;325018;AMS;1;24;18
32672368;1404593;61496;CJI;1;32798;32798
32672369;1404593;15;PGU;10;32826;32826
32672370;1404593;286959;RZR;48199;32913;0
32672371;1404593;310343;RZR;0;32913;0
32764780;1419561;122955;CJI;57876;32798;32798
32764781;1419561;123412;CJI;0;32798;32798
33536991;1435656;200222;PBI;10;32776;37
33536992;1435656;201356;RZR;1;32913;0
33607108;1246804;161465;QSA;36188;QSA002;2
33607109;1246804;190201;AMS;36188;24;18
33607110;1246804;232796;AMS;43453;24;18
33607111;1246804;240061;AMS;45333;24;18
33607112;1246804;241941;AMS;51220;24;18
33607113;1246804;247828;AMS;51536;24;18
33607114;1246804;248144;AMS;55036;24;18
33607115;1246804;251644;AMS;56624;24;18
33607116;1246804;253232;AMS;58075;24;18
33607117;1246804;254683;AMS;58199;24;18
33607118;1246804;254807;AMS;58871;24;18
33607119;1246804;255479;AMS;62241;24;18
33607120;1246804;258849;AMS;63380;24;18
33607121;1246804;259988;AMS;64918;24;18
33607122;1246804;261526;AMS;1316;24;18
33607123;1246804;263460;AMS;2971;24;18
33607124;1246804;265115;AMS;5109;24;18
33607125;1246804;267253;AMS;5301;24;18
33607126;1246804;267445;AMS;8900;24;18
33607127;1246804;271044;AMS;11105;24;18
33607128;1246804;273249;AMS;12607;24;18
33607129;1246804;274751;AMS;13324;24;18
33607130;1246804;275468;AMS;13521;24;18
33607131;1246804;275665;AMS;13970;24;18
33607132;1246804;276114;AMS;16949;24;18
33607133;1246804;279093;AMS;17470;24;18
33607134;1246804;279614;AMS;18825;24;18
33607135;1246804;280969;AMS;21296;24;18
33607136;1246804;283440;AMS;21964;24;18
33607137;1246804;284108;AMS;22238;24;18
33607138;1246804;284382;AMS;22383;24;18
33607139;1246804;284527;AMS;25647;24;18
33607140;1246804;287791;AMS;26033;24;18
33607141;1246804;288177;AMS;27014;24;18
33607142;1246804;289158;AMS;31129;24;18
33607143;1246804;293273;AMS;31270;24;18
33607144;1246804;293414;AMS;34724;24;18
33607145;1246804;296868;AMS;34920;24;18
33607146;1246804;297064;AMS;40299;24;18
33607147;1246804;302443;AMS;40355;24;18
33607148;1246804;302499;AMS;42237;24;18
33607149;1246804;304381;AMS;42445;24;18
33607150;1246804;304589;AMS;42623;24;18
33607151;1246804;304767;AMS;43159;24;18
33607152;1246804;305303;AMS;44990;24;18
33607153;1246804;307134;AMS;48048;24;18
33607154;1246804;310192;AMS;48285;24;18
33607155;1246804;310429;AMS;48518;24;18
33607156;1246804;310662;AMS;49033;24;18
33607157;1246804;311177;AMS;49850;24;18
33607158;1246804;311994;AMS;50182;24;18
33607159;1246804;312326;AMS;50240;24;18
33607160;1246804;312384;AMS;50329;24;18
33607161;1246804;312473;AMS;50414;24;18
33607162;1246804;312558;AMS;50585;24;18
33607163;1246804;312729;AMS;51364;24;18
33607164;1246804;313508;AMS;51535;24;18
33607165;1246804;313679;AMS;51594;24;18
33607166;1246804;313738;AMS;52350;24;18
33607167;1246804;314494;AMS;53026;24;18
33607168;1246804;315170;AMS;53842;24;18
33607169;1246804;315986;AMS;53853;24;18
33607170;1246804;315997;AMS;55564;24;18
33607171;1246804;317708;AMS;56510;24;18
33607172;1246804;318654;AMS;57465;24;18
33607173;1246804;319609;AMS;59813;24;18
33607174;1246804;321957;AMS;61139;24;18
33607175;1246804;323283;AMS;0;24;18
33607176;1246804;443797;ARB;62375;ARB001;4
33607177;1246804;455591;ARB;31242;ARB001;4
33607178;1246804;489994;ARB;0;ARB001;4
33607179;1246804;594363;MARB;12492;MARB009;41
33607180;1246804;995532;MARB;5470;MARB009;41
33607181;1246804;1250654;MARB;32330;MARB009;41
33607182;1246804;1277514;MARB;41667;MARB009;41
33607183;1246804;1483459;MARB;14441;MARB009;41
33607184;1246804;221775;MARB;23884;RAMSMARB;41
33607185;1246804;1662284;MARB;0;RAMSMARB;41
33607186;1246804;43452;RZR;15882;32913;0
33607187;1246804;212490;RZR;23459;32913;0
33607188;1246804;285603;RZR;38886;32913;0
33607189;1246804;301030;RZR;110;32913;0
33607190;1246804;312519;ARB;53340;ARB002;4
33607191;1246804;446556;ARB;58169;ARB002;4
33607192;1246804;451385;ARB;61974;ARB002;4
33607193;1246804;455190;ARB;9902;ARB002;4
33607194;1246804;468654;ARB;14441;ARB002;4
33607195;1246804;473193;ARB;19959;ARB002;4
33607196;1246804;478711;ARB;20311;ARB002;4
33607197;1246804;479063;ARB;20601;ARB002;4
33607198;1246804;479353;ARB;24095;ARB002;4
33607199;1246804;482847;ARB;26050;ARB002;4
33607200;1246804;484802;ARB;26136;ARB002;4
33607201;1246804;484888;ARB;28260;ARB002;4
33607202;1246804;487012;ARB;31959;ARB002;4
33607203;1246804;490711;ARB;32924;ARB002;4
33607204;1246804;491676;ARB;37491;ARB002;4
33607205;1246804;496243;ARB;40111;ARB002;4
33607206;1246804;498863;ARB;41725;ARB002;4
33607207;1246804;500477;ARB;42937;ARB002;4
33607208;1246804;501689;ARB;48259;ARB002;4
33607209;1246804;507011;ARB;48702;ARB002;4
33607210;1246804;507454;ARB;52300;ARB002;4
33607211;1246804;511052;ARB;54796;ARB002;4
33607212;1246804;513548;ARB;58539;ARB002;4
33607213;1246804;517291;ARB;60903;ARB002;4
33607214;1246804;519655;ARB;61691;ARB002;4
33607215;1246804;520443;ARB;62012;ARB002;4
33607216;1246804;520764;ARB;64867;ARB002;4
33607217;1246804;523619;ARB;1009;ARB002;4
33607218;1246804;525297;ARB;1549;ARB002;4
33607219;1246804;525837;ARB;1960;ARB002;4
33607220;1246804;526248;ARB;2093;ARB002;4
33607221;1246804;526381;ARB;4067;ARB002;4
33607222;1246804;528355;ARB;5353;ARB002;4
33607223;1246804;529641;ARB;6511;ARB002;4
33607224;1246804;530799;ARB;6875;ARB002;4
33607225;1246804;531163;ARB;8491;ARB002;4
33607226;1246804;532779;ARB;16602;ARB002;4
33607227;1246804;540890;ARB;17040;ARB002;4
33607228;1246804;541328;ARB;22192;ARB002;4
33607229;1246804;546480;ARB;28665;ARB002;4
33607230;1246804;552953;ARB;32570;ARB002;4
33607231;1246804;556858;ARB;35657;ARB002;4
33607232;1246804;559945;ARB;37363;ARB002;4
33607233;1246804;561651;ARB;37384;ARB002;4
33607234;1246804;561672;ARB;38258;ARB002;4
33607235;1246804;562546;ARB;38283;ARB002;4
33607236;1246804;562571;ARB;38907;ARB002;4
33607237;1246804;563195;ARB;39748;ARB002;4
33607238;1246804;564036;ARB;40848;ARB002;4
33607239;1246804;565136;ARB;44319;ARB002;4
33607240;1246804;568607;ARB;44398;ARB002;4
33607241;1246804;568686;ARB;45738;ARB002;4
33607242;1246804;570026;ARB;46119;ARB002;4
33607243;1246804;570407;ARB;47204;ARB002;4
33607244;1246804;571492;ARB;48062;ARB002;4
33607245;1246804;572350;ARB;48126;ARB002;4
33607246;1246804;572414;ARB;48936;ARB002;4
33607247;1246804;573224;ARB;49148;ARB002;4
33607248;1246804;573436;ARB;52738;ARB002;4
33607249;1246804;577026;ARB;54004;ARB002;4
33607250;1246804;578292;ARB;54229;ARB002;4
33607251;1246804;578517;ARB;60096;ARB002;4
33607252;1246804;584384;ARB;60589;ARB002;4
33607253;1246804;584877;ARB;61060;ARB002;4
33607254;1246804;585348;ARB;0;ARB002;4
33708782;1243559;142250;AMS;19818;24;18
33708783;1243559;150890;AMS;34843;24;18
33708784;1243559;165915;AMS;64655;24;18
33708785;1243559;195727;AMS;13278;24;18
33708786;1243559;209886;AMS;23399;24;18
33708787;1243559;220007;AMS;26589;24;18
33708788;1243559;223197;AMS;39602;24;18
33708789;1243559;236210;AMS;40766;24;18
33708790;1243559;237374;AMS;1959;24;18
33708791;1243559;264103;AMS;3483;24;18
33708792;1243559;265627;AMS;10414;24;18
33708793;1243559;272558;AMS;29507;24;18
33708794;1243559;291651;AMS;35774;24;18
33708795;1243559;297918;AMS;44193;24;18
33708796;1243559;306337;AMS;52553;24;18
33708797;1243559;314697;AMS;0;24;18
33708798;1243559;182600;QSA;0;QSA002;2
33708799;1243559;1098718;MARB;8488;MARB009;41
33708800;1243559;1122600;MARB;19502;MARB009;41
33708801;1243559;1264686;MARB;55162;MARB009;41
33708802;1243559;1496954;MARB;63018;MARB009;41
33708803;1243559;1504810;MARB;0;MARB009;41
33708804;1243559;555457;ARB;40007;ARB002;4
33708805;1243559;564295;ARB;0;ARB002;4
33708806;1243559;154690;PBI;29281;32776;37
33708807;1243559;52438;PAPB;10;32938;3
33708808;1243559;46143;BZS;1;32808;25
33708809;1243559;167365;BSZ;0;32810;27
33708810;1243559;314991;RZR;1;32913;0
33708811;1243559;112164;CJI;52176;32798;32798
33708812;1243559;117712;CJI;85;32798;32798
33708986;1275677;1269715;MARB;57076;MARB009;41
33708987;1275677;1695476;MARB;15376;MARB009;41
33708988;1275677;1719312;MARB;31440;MARB009;41
33708989;1275677;1735376;MARB;56;MARB009;41
33708990;1275677;207545;RZR;20707;32913;0
33708991;1275677;282851;RZR;0;32913;0
33708992;1275677;51228;AMS;1912;24;18
33708993;1275677;198520;AMS;8246;24;18
33708994;1275677;204854;AMS;8644;24;18
33708995;1275677;205252;AMS;44684;24;18
33708996;1275677;241292;AMS;1;24;18
33708997;1275677;105528;ARB;19054;ARB002;4
33708998;1275677;412270;ARB;46057;ARB002;4
33708999;1275677;570345;ARB;70;ARB002;4
33709080;1437646;697385;MARB;10984;MARB009;41
33709081;1437646;928488;MARB;0;MARB009;41
33709082;1437646;161465;QSA;10;QSA002;2
33905642;1442373;99358;CJI;49667;32798;32798
33905643;1442373;115203;CJI;17952;32798;32798
33905644;1442373;150126;RZR;17028;32913;0
33905645;1442373;213636;RZR;25931;32913;0
33905646;1442373;222539;RZR;115;32913;0
33905647;1442373;547243;ARB;0;ARB002;4
33905648;1442373;76945;QSA;12768;QSA002;2
33905649;1442373;78304;QSA;23091;QSA002;2
33905650;1442373;88627;QSA;65492;QSA002;2
33905651;1442373;131028;QSA;572;QSA002;2
33905652;1442373;131644;QSA;4288;QSA002;2
33905653;1442373;135360;QSA;20296;QSA002;2
33905654;1442373;34;PPN;25454;32800;32800
33905655;1442373;80278;QSA;15753;QSA001;2
33905656;1442373;81289;QSA;19854;QSA001;2
33905657;1442373;150926;QSA;57211;QSA001;2
33905658;1442373;188283;QSA;58989;QSA001;2
33905659;1442373;190061;QSA;1;QSA001;2
33905660;1442373;249996;PBI;0;32776;37
33906217;1398500;206595;RZR;26484;32913;0
33906218;1398500;288628;RZR;3116;32913;0
33906219;1398500;330796;RZR;9737;32913;0
33906220;1398500;337417;RZR;108;32913;0
33906221;1398500;333784;AMS;0;24;18
33906222;1398500;39057;PAPB;0;32938;3
33906223;1398500;122149;BSZ;1;32810;27
33917674;1453158;878186;MARB;1;MARB009;41
34410390;1459657;18604;CMB;1;32799;32799
34411995;1459454;18604;CMB;18615;32799;32799
34411996;1459454;18615;CMB;85;32799;32799
34411997;1459454;5758;SIP;24120;32880;32880
34411998;1459454;24120;SIP;24984;32880;32880
34411999;1459454;24984;SIP;115;32880;32880
34412000;1459454;106088;CJI;1;32798;32798
35169732;1468481;443967;ARB;57871;ARB002;4
35169733;1468481;451087;ARB;2965;ARB002;4
35169734;1468481;461717;ARB;30527;ARB002;4
35169735;1468481;489279;ARB;38493;ARB002;4
35169736;1468481;497245;ARB;35634;ARB002;4
35169737;1468481;559922;ARB;44542;ARB002;4
35169738;1468481;568830;ARB;46516;ARB002;4
35169739;1468481;570804;ARB;8867;ARB002;4
35169740;1468481;598691;ARB;11266;ARB002;4
35169741;1468481;601090;ARB;60901;ARB002;4
35169742;1468481;1279206;MARB;28949;MARB010;41
35169743;1468481;1339669;MARB;2965;MARB010;41
35169744;1468481;941203;MARB;61880;RAMSMARB;41
35169745;1468481;979384;MARB;39214;RAMSMARB;41
35169746;1468481;1087790;MARB;1949;RAMSMARB;41
35169747;1468481;1378205;MARB;35895;RAMSMARB;41
35169748;1468481;1412151;MARB;35379;RAMSMARB;41
35169749;1468481;1477171;MARB;26876;RAMSMARB;41
35169750;1468481;1534204;MARB;0;RAMSMARB;41
35169751;1468481;693157;MARB;42244;MARB009;41
35169752;1468481;763140;MARB;63498;MARB009;41
35169753;1468481;784394;MARB;62986;MARB009;41
35169754;1468481;849418;MARB;65065;MARB009;41
35169755;1468481;851497;MARB;3573;MARB009;41
35169756;1468481;855541;MARB;24866;MARB009;41
35169757;1468481;876834;MARB;35764;MARB009;41
35169758;1468481;887732;MARB;36071;MARB009;41
35169759;1468481;888039;MARB;64943;MARB009;41
35169760;1468481;916911;MARB;29705;MARB009;41
35169761;1468481;947209;MARB;60951;MARB009;41
35169762;1468481;978455;MARB;61907;MARB009;41
35169763;1468481;979411;MARB;31035;MARB009;41
35169764;1468481;1014075;MARB;47756;MARB009;41
35169765;1468481;1030796;MARB;32158;MARB009;41
35169766;1468481;1080734;MARB;10592;MARB009;41
35169767;1468481;1190240;MARB;12899;MARB009;41
35169768;1468481;1192547;MARB;18929;MARB009;41
35169769;1468481;1198577;MARB;30466;MARB009;41
35169770;1468481;1210114;MARB;38699;MARB009;41
35169771;1468481;1218347;MARB;47628;MARB009;41
35169772;1468481;1227276;MARB;44629;MARB009;41
35169773;1468481;1289813;MARB;45459;MARB009;41
35169774;1468481;1290643;MARB;48955;MARB009;41
35169775;1468481;1294139;MARB;64383;MARB009;41
35169776;1468481;1309567;MARB;4941;MARB009;41
35169777;1468481;1315661;MARB;19987;MARB009;41
35169778;1468481;1330707;MARB;40198;MARB009;41
35169779;1468481;1350918;MARB;56972;MARB009;41
35169780;1468481;1367692;MARB;39008;MARB009;41
35169781;1468481;1415264;MARB;39027;MARB009;41
35169782;1468481;1415283;MARB;39820;MARB009;41
35169783;1468481;1416076;MARB;47025;MARB009;41
35169784;1468481;1423281;MARB;54984;MARB009;41
35169785;1468481;1431240;MARB;9165;MARB009;41
35169786;1468481;1450957;MARB;26284;MARB009;41
35169787;1468481;1468076;MARB;44819;MARB009;41
35169788;1468481;1486611;MARB;28556;MARB009;41
35169789;1468481;1535884;MARB;29904;MARB009;41
35169790;1468481;1537232;MARB;32861;MARB009;41
35169791;1468481;1540189;MARB;2710;MARB009;41
35169792;1468481;1575574;MARB;4583;MARB009;41
35169793;1468481;1577447;MARB;9911;MARB009;41
35169794;1468481;1582775;MARB;31520;MARB009;41
35169795;1468481;1604384;MARB;52081;MARB009;41
35169796;1468481;1624945;MARB;2071;MARB009;41
35169797;1468481;1640471;MARB;20400;MARB009;41
35169798;1468481;1658800;MARB;22368;MARB009;41
35169799;1468481;1660768;MARB;29705;MARB009;41
35169800;1468481;1668105;MARB;32902;MARB009;41
35169801;1468481;1671302;MARB;36461;MARB009;41
35169802;1468481;1674861;MARB;39234;MARB009;41
35169803;1468481;1677634;MARB;49514;MARB009;41
35169804;1468481;1687914;MARB;50215;MARB009;41
35169805;1468481;1688615;MARB;52580;MARB009;41
35169806;1468481;1690980;MARB;1855;MARB009;41
35169807;1468481;1705791;MARB;8328;MARB009;41
35169808;1468481;1712264;MARB;30765;MARB009;41
35169809;1468481;1734701;MARB;4293;MARB009;41
35169810;1468481;1773765;MARB;6464;MARB009;41
35169811;1468481;1775936;MARB;11512;MARB009;41
35169812;1468481;1780984;MARB;46622;MARB009;41
35169813;1468481;340477;RZR;42244;32913;0
35169814;1468481;30635;RGSS;32530;32874;32874
35169815;1468481;32530;RGSS;35798;32874;32874
35169816;1468481;35798;RGSS;35867;32874;32874
35169817;1468481;35867;RGSS;37968;32874;32874
35169818;1468481;37968;RGSS;38001;32874;32874
35169819;1468481;38001;RGSS;38002;32874;32874
35169820;1468481;38002;RGSS;38003;32874;32874
35169822;1468481;38003;RGSS;38013;32874;32874
35169823;1468481;38013;RGSS;39708;32874;32874
35169824;1468481;39708;RGSS;39710;32874;32874
35169825;1468481;39710;RGSS;39769;32874;32874
35169826;1468481;39769;RGSS;39852;32874;32874
35169827;1468481;39852;RGSS;39917;32874;32874
35169828;1468481;39917;RGSS;40073;32874;32874
35169829;1468481;40073;RGSS;40074;32874;32874
35169830;1468481;40074;RGSS;40110;32874;32874
35169831;1468481;40110;RGSS;40333;32874;32874
35169832;1468481;40333;RGSS;40437;32874;32874
35169833;1468481;40437;RGSS;40483;32874;32874
35169834;1468481;40483;RGSS;40654;32874;32874
35169835;1468481;40654;RGSS;40767;32874;32874
35169836;1468481;40767;RGSS;40812;32874;32874
35169837;1468481;40812;RGSS;40859;32874;32874
35169838;1468481;40859;RGSS;40862;32874;32874
35169839;1468481;40862;RGSS;41679;32874;32874
35169840;1468481;41679;RGSS;41745;32874;32874
35169841;1468481;41745;RGSS;41761;32874;32874
35169842;1468481;41761;RGSS;41789;32874;32874
35169843;1468481;41789;RGSS;41844;32874;32874
35169844;1468481;41844;RGSS;41942;32874;32874
35169845;1468481;41942;RGSS;42312;32874;32874
35169846;1468481;42312;RGSS;42404;32874;32874
35169847;1468481;42404;RGSS;42677;32874;32874
35169848;1468481;42677;RGSS;42775;32874;32874
35169849;1468481;42775;RGSS;42838;32874;32874
35169850;1468481;42838;RGSS;42949;32874;32874
35169851;1468481;42949;RGSS;43152;32874;32874
35169852;1468481;43152;RGSS;43379;32874;32874
35169853;1468481;43379;RGSS;43414;32874;32874
35169854;1468481;43414;RGSS;43418;32874;32874
35169855;1468481;43418;RGSS;43588;32874;32874
35169856;1468481;43588;RGSS;43676;32874;32874
35169857;1468481;43676;RGSS;43687;32874;32874
35169858;1468481;43687;RGSS;43745;32874;32874
35169859;1468481;43745;RGSS;43781;32874;32874
35169860;1468481;43781;RGSS;43988;32874;32874
35169861;1468481;43988;RGSS;44082;32874;32874
35169862;1468481;44082;RGSS;44390;32874;32874
35169863;1468481;44390;RGSS;44509;32874;32874
35169864;1468481;44509;RGSS;45152;32874;32874
35169865;1468481;45152;RGSS;45330;32874;32874
35169866;1468481;45330;RGSS;45513;32874;32874
35169867;1468481;45513;RGSS;45633;32874;32874
35169868;1468481;45633;RGSS;46105;32874;32874
35169869;1468481;46105;RGSS;46113;32874;32874
35169870;1468481;46113;RGSS;46134;32874;32874
35169871;1468481;46134;RGSS;46251;32874;32874
35169872;1468481;46251;RGSS;46466;32874;32874
35169873;1468481;46466;RGSS;46521;32874;32874
35169874;1468481;46521;RGSS;46522;32874;32874
35169875;1468481;46522;RGSS;46615;32874;32874
35169876;1468481;46615;RGSS;46622;32874;32874
35169877;1468481;46622;RGSS;46685;32874;32874
35169878;1468481;46685;RGSS;46697;32874;32874
35169879;1468481;46697;RGSS;47078;32874;32874
35169880;1468481;47078;RGSS;47328;32874;32874
35169881;1468481;47328;RGSS;47451;32874;32874
35169882;1468481;47451;RGSS;47490;32874;32874
35169883;1468481;47490;RGSS;48168;32874;32874
35169884;1468481;48168;RGSS;48490;32874;32874
35169885;1468481;48490;RGSS;48615;32874;32874
35169886;1468481;48615;RGSS;48619;32874;32874
35169887;1468481;48619;RGSS;48676;32874;32874
35169888;1468481;48676;RGSS;48701;32874;32874
35169889;1468481;48701;RGSS;48806;32874;32874
35169890;1468481;48806;RGSS;48996;32874;32874
35169891;1468481;48996;RGSS;49074;32874;32874
35169892;1468481;49074;RGSS;49392;32874;32874
35169893;1468481;49392;RGSS;49533;32874;32874
35169894;1468481;49533;RGSS;49564;32874;32874
35169895;1468481;49564;RGSS;49639;32874;32874
35169896;1468481;49639;RGSS;49743;32874;32874
35169897;1468481;49743;RGSS;49879;32874;32874
35169898;1468481;49879;RGSS;49881;32874;32874
35169899;1468481;49881;RGSS;49983;32874;32874
35169900;1468481;49983;RGSS;50144;32874;32874
35169901;1468481;50144;RGSS;50145;32874;32874
35169902;1468481;50145;RGSS;50146;32874;32874
35169903;1468481;50146;RGSS;50159;32874;32874
35169904;1468481;50159;RGSS;50179;32874;32874
35169905;1468481;50179;RGSS;50305;32874;32874
35169906;1468481;50305;RGSS;50450;32874;32874
35169907;1468481;50450;RGSS;50610;32874;32874
35169908;1468481;50610;RGSS;50634;32874;32874
35169909;1468481;50634;RGSS;50675;32874;32874
35169910;1468481;50675;RGSS;50820;32874;32874
35169911;1468481;50820;RGSS;50843;32874;32874
35169912;1468481;50843;RGSS;50883;32874;32874
35169913;1468481;50883;RGSS;51034;32874;32874
35169914;1468481;51034;RGSS;51036;32874;32874
35169915;1468481;51036;RGSS;51042;32874;32874
35169916;1468481;51042;RGSS;51062;32874;32874
35169917;1468481;51062;RGSS;0;32874;32874
35169918;1468481;17817;CMB;18273;32799;32799
35169919;1468481;18273;CMB;18682;32799;32799
35169920;1468481;18682;CMB;18851;32799;32799
35169921;1468481;18851;CMB;37968;32799;32799
35169922;1468481;86300;CJI;21727;32798;32798
35169923;1468481;87263;CJI;30914;32798;32798
35169924;1468481;96450;CJI;31337;32798;32798
35169925;1468481;96873;CJI;51433;32798;32798
35169926;1468481;116969;CJI;52646;32798;32798
35169927;1468481;118182;CJI;53739;32798;32798
35169928;1468481;119275;CJI;55545;32798;32798
35169929;1468481;121081;CJI;55614;32798;32798
35169930;1468481;121150;CJI;60221;32798;32798
35169931;1468481;125757;CJI;39710;32798;32798
35169932;1468481;222732;AMS;33429;24;18
35169933;1468481;230037;AMS;38263;24;18
35169934;1468481;234871;AMS;38319;24;18
35169935;1468481;234927;AMS;43128;24;18
35169936;1468481;239736;AMS;54130;24;18
35169937;1468481;250738;AMS;54940;24;18
35169938;1468481;251548;AMS;11007;24;18
35169939;1468481;273151;AMS;17610;24;18
35169940;1468481;279754;AMS;19432;24;18
35169941;1468481;281576;AMS;19444;24;18
35169942;1468481;281588;AMS;21998;24;18
35169943;1468481;284142;AMS;22623;24;18
35169944;1468481;284767;AMS;24377;24;18
35169945;1468481;286521;AMS;26637;24;18
35169946;1468481;288781;AMS;27576;24;18
35169947;1468481;289720;AMS;29045;24;18
35169948;1468481;291189;AMS;32270;24;18
35169949;1468481;294414;AMS;32691;24;18
35169950;1468481;294835;AMS;34106;24;18
35169951;1468481;296250;AMS;36746;24;18
35169952;1468481;298890;AMS;37672;24;18
35169953;1468481;299816;AMS;41836;24;18
35169954;1468481;303980;AMS;41841;24;18
35169955;1468481;303985;AMS;42198;24;18
35169956;1468481;304342;AMS;45071;24;18
35169957;1468481;307215;AMS;53285;24;18
35169958;1468481;315429;AMS;1327;24;18
35169959;1468481;329007;AMS;1711;24;18
35169960;1468481;329391;AMS;3795;24;18
35169961;1468481;331475;AMS;8420;24;18
35169962;1468481;336100;AMS;0;24;18
35207789;1244101;63894;RZR;64074;32913;0
35207790;1244101;129610;RZR;19055;32913;0
35207791;1244101;150127;RZR;3496;32913;0
35207792;1244101;200104;RZR;23989;32913;0
35207793;1244101;220597;RZR;25931;32913;0
35207794;1244101;222539;RZR;20140;32913;0
35207795;1244101;282284;RZR;34528;32913;0
35207796;1244101;296672;RZR;41764;32913;0
35207797;1244101;303908;RZR;46316;32913;0
35207798;1244101;308460;RZR;3;32913;0
35207799;1244101;166281;BPV;0;32809;26
35207800;1244101;77131;PAPB;0;32938;3
35207801;1244101;67347;MARB;14015;51;41
35207802;1244101;79551;MARB;14879;51;41
35207803;1244101;80415;MARB;17458;51;41
35207804;1244101;82994;MARB;50988;51;41
35207805;1244101;116524;MARB;59992;51;41
35207806;1244101;125528;MARB;13592;51;41
35207807;1244101;144664;MARB;17294;51;41
35207808;1244101;148366;MARB;17369;51;41
35207809;1244101;148441;MARB;43877;51;41
35207810;1244101;174949;MARB;46308;51;41
35207811;1244101;177380;MARB;28447;51;41
35207812;1244101;552735;MARB;8206;51;41
35207813;1244101;663566;MARB;26571;51;41
35207814;1244101;1206219;MARB;1390;51;41
35207815;1244101;1312110;MARB;1653;51;41
35207816;1244101;1377909;MARB;0;51;41
35207817;1244101;33;PPN;0;32800;32800
35207818;1244101;111826;CJI;0;32798;32798
35207819;1244101;77488;PBI;58226;32776;37
35207820;1244101;123762;PBI;61568;32776;37
35207821;1244101;192640;PBI;40692;32776;37
35207822;1244101;237300;PBI;42588;32776;37
35207823;1244101;239196;PBI;45996;32776;37
35207824;1244101;242604;PBI;257;32776;37
35759768;1284814;110754;AMS;54058;24;18
35759769;1284814;185130;AMS;8902;24;18
35759770;1284814;205510;AMS;19545;24;18
35759771;1284814;216153;AMS;41449;24;18
35759772;1284814;238057;AMS;1;24;18
35759773;1284814;92664;ARB;0;ARB002;4
35759774;1284814;187314;QSA;0;QSA002;2
35917731;1284815;194227;BUR;0;32812;29
35917732;1284815;187314;QSA;10;QSA002;2
35917733;1284815;544656;ARB;42837;ARB002;4
35917734;1284815;567125;ARB;18800;ARB002;4
35917735;1284815;608624;ARB;20717;ARB002;4
35917736;1284815;610541;ARB;20776;ARB002;4
35917737;1284815;83719;BVV;58912;32805;22
35917738;1284815;112106;CJI;1;32798;32798
35917739;1284815;115453;AMS;58912;24;18
35917740;1284815;124448;AMS;15739;24;18
35917741;1284815;212347;AMS;24584;24;18
35917742;1284815;286728;AMS;32716;24;18
35917743;1284815;294860;AMS;33219;24;18
35917744;1284815;295363;AMS;40461;24;18
35917745;1284815;302605;AMS;45713;24;18
35917746;1284815;307857;AMS;47705;24;18
35917747;1284815;309849;AMS;52048;24;18
35917748;1284815;314192;AMS;54181;24;18
35917749;1284815;316325;AMS;24801;24;18
36007662;1380110;189366;RZR;59271;32913;0
36007663;1380110;321415;RZR;0;32913;0
36007664;1380110;223215;PBI;39698;32776;37
36007665;1380110;236306;PBI;24;32776;37
36009316;1378283;235117;PBI;40140;32776;37
36009317;1378283;236748;PBI;85;32776;37
36009318;1378283;611587;ARB;0;ARB001;4
36009319;1378283;46312;PAPB;0;32938;3
36009320;1378283;18777;CMB;0;32799;32799
36285090;1496690;198812;PBI;20663;32776;37
36285091;1496690;217271;PBI;85;32776;37
36285092;1496690;62978;RZR;34090;32913;0
36285093;1496690;165162;RZR;0;32913;0
37112484;1503401;327299;RZR;0;32913;0
37112485;1503401;185111;QSA;1;QSA001;2
37210923;1392256;188250;QSA;1;QSA002;2
37210924;1392256;599061;ARB;1;ARB002;4
37210925;1392256;1673772;MARB;0;MARB009;41
37210926;1392256;215641;RZR;5733;32913;0
37210927;1392256;333413;RZR;16340;32913;0
37210928;1392256;344020;RZR;0;32913;0
37210929;1392256;63901;BVV;1741;32805;22
37210930;1392256;67277;BVV;5;32805;22
37299708;1243560;242436;MARB;60393;MARB009;41
37299709;1243560;1108969;MARB;3262;MARB009;41
37299710;1243560;1117374;MARB;0;MARB009;41
37299711;1243560;136094;QSA;0;QSA002;2
37299712;1243560;259138;AMS;1314;24;18
37299713;1243560;263458;AMS;17217;24;18
37299714;1243560;279361;AMS;0;24;18
37299715;1243560;476510;ARB;39348;ARB002;4
37299716;1243560;498100;ARB;12308;ARB002;4
37299717;1243560;536596;ARB;49157;ARB002;4
37299718;1243560;573445;ARB;56432;ARB002;4
37303778;1507162;92969;QSA;1;QSA002;2
37632837;1508366;259213;PBI;1;32776;37
37632838;1508366;91817;PAPB;26282;32938;3
37632839;1508366;91818;PAPB;85;32938;3
37632840;1508366;191797;QSA;0;QSA002;2
37632841;1508366;75;PKV;1;32818;32818
37632842;1508366;340241;RZR;16678;32913;0
37632843;1508366;344358;RZR;17131;32913;0
37632844;1508366;344811;RZR;115;32913;0
38090921;1366839;213271;AMS;10;24;18
38090922;1366839;337318;ARB;18687;ARB002;4
38090923;1366839;477439;ARB;44774;ARB002;4
38090924;1366839;569062;ARB;0;ARB002;4
38115524;1517433;14632;ARB;7747;ARB002;4
38115525;1517433;597571;ARB;0;ARB002;4
38115526;1517433;559992;MARB;55492;RAMSMARB;41
38115527;1517433;579780;MARB;32748;RAMSMARB;41
38115528;1517433;753644;MARB;52395;RAMSMARB;41
38115529;1517433;773291;MARB;55422;RAMSMARB;41
38115530;1517433;841854;MARB;28834;RAMSMARB;41
38115531;1517433;880802;MARB;28835;RAMSMARB;41
38115532;1517433;880803;MARB;61109;RAMSMARB;41
38115533;1517433;1044149;MARB;28156;RAMSMARB;41
38115534;1517433;1404412;MARB;0;RAMSMARB;41
38115535;1517433;444331;ARB;10;ARB001;4
38161280;1408732;1819935;MARB;10;MARB010;41
38161281;1408732;1476;PPVS;0;32875;32875
38161282;1408732;88060;CJI;23339;32798;32798
38161283;1408732;88875;CJI;0;32798;32798
38161284;1408732;48782;PAP;1;6;3
38161285;1408732;18500;CMB;1;32799;32799
38266378;1376693;64721;PAPB;1;32938;3
38266379;1376693;75945;CJI;47378;32798;32798
38266380;1376693;112914;CJI;24;32798;32798
38266381;1376693;323470;RZR;1;32913;0
38266382;1376693;154182;QSA;0;QSA002;2
38274846;1388425;138321;PBI;58437;32776;37
38274847;1388425;189509;PBI;39954;32776;37
38274848;1388425;236562;PBI;39959;32776;37
38274849;1388425;236567;PBI;55504;32776;37
38274850;1388425;252112;PBI;61726;32776;37
38274851;1388425;258334;PBI;0;32776;37
38274852;1388425;87884;QSA;58988;QSA002;2
38274853;1388425;124524;QSA;6177;QSA002;2
38274854;1388425;137249;QSA;11363;QSA002;2
38274855;1388425;142435;QSA;25000;QSA002;2
38274856;1388425;447281;MARB;29187;RAMSMARB;41
38274857;1388425;815619;MARB;50694;RAMSMARB;41
38274858;1388425;1164806;MARB;61223;RAMSMARB;41
38274859;1388425;1240871;MARB;51432;RAMSMARB;41
38274860;1388425;1427688;MARB;55459;RAMSMARB;41
38274861;1388425;1562787;MARB;64475;RAMSMARB;41
38274862;1388425;1571803;MARB;11657;RAMSMARB;41
38274863;1388425;1650057;MARB;26736;RAMSMARB;41
38274864;1388425;1665136;MARB;52371;RAMSMARB;41
38274865;1388425;1690771;MARB;34923;RAMSMARB;41
38274866;1388425;1804395;MARB;24801;RAMSMARB;41
38274867;1388425;670;PKV;671;32818;32818
38274868;1388425;671;PKV;2257;32818;32818
38274869;1388425;2257;PKV;2314;32818;32818
38274870;1388425;2314;PKV;51432;32818;32818
38274871;1515009;189366;RZR;1;32913;0
38274872;1515009;180092;MARB;13416;RAMSMARB;41
38274873;1515009;275560;MARB;54726;RAMSMARB;41
38274874;1515009;316870;MARB;2027;RAMSMARB;41
38274875;1515009;591851;MARB;4261;RAMSMARB;41
38274876;1515009;594085;MARB;38106;RAMSMARB;41
38274877;1515009;627930;MARB;9127;RAMSMARB;41
38274878;1515009;730023;MARB;21688;RAMSMARB;41
38274879;1515009;873656;MARB;12891;RAMSMARB;41
38274880;1515009;930395;MARB;25102;RAMSMARB;41
38274881;1515009;1597966;MARB;11657;RAMSMARB;41
38274882;1515009;1650057;MARB;15266;RAMSMARB;41
38274883;1515009;1653666;MARB;31946;RAMSMARB;41
38274884;1515009;1735882;MARB;57353;RAMSMARB;41
38274885;1515009;1761289;MARB;59916;RAMSMARB;41
38274886;1515009;1763852;MARB;12105;RAMSMARB;41
38274887;1515009;1781577;MARB;34077;RAMSMARB;41
38274888;1515009;1803549;MARB;34923;RAMSMARB;41
38274889;1515009;1804395;MARB;16272;RAMSMARB;41
38274890;1515009;125626;CJI;10;32798;32798
38274891;1515009;72361;ARB;13416;ARB002;4
38276422;1518459;63688;QSA;4740;QSA002;2
38276423;1518459;70276;QSA;13279;QSA002;2
38276424;1518459;78815;QSA;13640;QSA002;2
38276425;1518459;79176;QSA;15318;QSA002;2
38276426;1518459;80854;QSA;15326;QSA002;2
38276427;1518459;80862;QSA;20485;QSA002;2
38276428;1518459;86021;QSA;29546;QSA002;2
38276429;1518459;95082;QSA;30902;QSA002;2
38276430;1518459;96438;QSA;31696;QSA002;2
38276431;1518459;97232;QSA;33865;QSA002;2
38276432;1518459;99401;QSA;47686;QSA002;2
38276433;1518459;113222;QSA;47955;QSA002;2
38276434;1518459;113491;QSA;49397;QSA002;2
38276435;1518459;114933;QSA;49579;QSA002;2
38276436;1518459;115115;QSA;51250;QSA002;2
38276437;1518459;116786;QSA;52798;QSA002;2
38276438;1518459;118334;QSA;57107;QSA002;2
38276439;1518459;122643;QSA;58988;QSA002;2
38276440;1518459;124524;QSA;2597;QSA002;2
38276441;1518459;133669;QSA;8219;QSA002;2
38276442;1518459;139291;QSA;11240;QSA002;2
38276443;1518459;142312;QSA;20089;QSA002;2
38276444;1518459;151161;QSA;22666;QSA002;2
38276445;1518459;153738;QSA;24995;QSA002;2
38276446;1518459;156067;QSA;30020;QSA002;2
38276447;1518459;161092;QSA;36539;QSA002;2
38276448;1518459;167611;QSA;37837;QSA002;2
38276449;1518459;168909;QSA;40977;QSA002;2
38276450;1518459;172049;QSA;46033;QSA002;2
38276451;1518459;177105;QSA;47104;QSA002;2
38431409;1519631;337605;RZR;1;32913;0
38630471;1513758;89873;RZR;24800;32913;0
38630473;1513758;90336;RZR;44139;32913;0
38630474;1513758;109675;RZR;21774;32913;0
38630475;1513758;283918;RZR;110;32913;0
38630476;1513758;111215;QSA;27689;QSA002;2
38630478;1513758;158761;QSA;0;QSA002;2
38630479;1513758;87167;CJI;42240;32798;32798
38630481;1513758;107776;CJI;52443;32798;32798
38630482;1513758;117979;CJI;53451;32798;32798
38630484;1513758;118987;CJI;56;32798;32798
38630485;1513758;1239735;MARB;0;RAMSMARB;41
38635656;1520416;1036573;MARB;1;RAMSMARB;41
38684250;1387746;87884;QSA;6552;QSA002;2
38684251;1387746;137624;QSA;8290;QSA002;2
38684252;1387746;139362;QSA;13248;QSA002;2
38684253;1387746;144320;QSA;25151;QSA002;2
38684254;1387746;156223;QSA;1;QSA002;2
38684255;1387746;59758;CJI;10;32798;32798
38684256;1387746;134049;PBI;14245;32776;37
38684257;1387746;145317;PBI;59203;32776;37
38684258;1387746;190275;PBI;116;32776;37
38684259;1387746;74;PKV;0;32818;32818
38684260;1387746;18146;CMB;1;32799;32799
38684261;1387746;189366;RZR;10;32913;0
38688849;790304;18387;CMB;18532;32799;32799
38688850;790304;18532;CMB;0;32799;32799
38688851;790304;1811934;MARB;26260;MARB009;41
38688852;790304;33;PPN;1;32800;32800
38688853;790304;54516;LAW;49381;1;0
38688854;790304;180453;LAW;22105;1;0
38688855;790304;218713;LAW;33292;1;0
38688856;790304;295436;LAW;46316;1;0
38688857;790304;308460;LAW;53118;1;0
38688858;790304;315262;LAW;16106;1;0
38688859;790304;343786;LAW;1;1;0
38688860;790304;11803;PBI;62230;32776;37
38688861;790304;258838;PBI;35342;32776;37
38688862;790304;84971;CJI;26260;32798;32798
38688863;790304;91796;CJI;28897;32798;32798
38688864;790304;94433;CJI;30518;32798;32798
38688865;790304;96054;CJI;31382;32798;32798
38688866;790304;96918;CJI;32551;32798;32798
38688867;790304;98087;CJI;35546;32798;32798
38688868;790304;101082;CJI;36058;32798;32798
38688869;790304;101594;CJI;36845;32798;32798
38688870;790304;102381;CJI;38353;32798;32798
38688871;790304;103889;CJI;40462;32798;32798
38688872;790304;105998;CJI;40995;32798;32798
38688873;790304;106531;CJI;42694;32798;32798
38688874;790304;108230;CJI;42764;32798;32798
38688875;790304;108300;CJI;47374;32798;32798
38688876;790304;112910;CJI;0;32798;32798
38688877;790304;167455;QUEST;38611;QUEST001;2
38688878;790304;169683;QUEST;5;QUEST001;2
38940732;1521463;1368435;MARB;20054;RAMSMARB;41
38940733;1521463;1461846;MARB;62996;RAMSMARB;41
38940734;1521463;1701396;MARB;16579;RAMSMARB;41
38940735;1521463;1720515;MARB;43789;RAMSMARB;41
38940736;1521463;1813261;MARB;1;RAMSMARB;41
39915976;1525829;42391;SIP;58019;32880;32880
39915977;1525829;58019;SIP;0;32880;32880
40635648;1526707;439;PKV;10;32818;32818
40635649;1526707;505168;ARB;0;ARB002;4
40635650;1526707;153092;QSA;1;QSA001;2
40635718;1378026;112714;CJI;10;32798;32798
40635719;1378026;148321;QSA;36414;QSA002;2
40635720;1378026;167486;QSA;44497;QSA002;2
40635721;1378026;175569;QSA;0;QSA002;2
40635722;1378026;599696;ARB;0;ARB002;4
40635816;1384713;181907;QSA;53445;QSA001;2
40635817;1384713;184517;QSA;0;QSA001;2
40635818;1384713;251317;PBI;56702;32776;37
40635819;1384713;253310;PBI;0;32776;37
40635820;1384713;216495;RZR;40876;32913;0
40635821;1384713;303020;RZR;45367;32913;0
40635822;1384713;307511;RZR;49833;32913;0
40635823;1384713;311977;RZR;53159;32913;0
40635824;1384713;315303;RZR;56825;32913;0
40635825;1384713;318969;RZR;12540;32913;0
40635826;1384713;340220;RZR;0;32913;0
41779349;1529566;1536849;MARB;1;RAMSMARB;41
41779350;1529566;88582;CJI;0;32798;32798
41779351;1529566;135376;BPV;0;32809;26
41779352;1529566;459732;ARB;25959;ARB002;4
41779353;1529566;79194;QSA;17838;QSA001;2
41779354;1529566;83374;QSA;32032;QSA001;2
41779355;1529566;97568;QSA;52379;QSA001;2
41779356;1529566;117915;QSA;55501;QSA001;2
41779357;1529566;186573;QSA;0;QSA001;2
41779358;1529566;49634;BCN;51981;32813;30
41779359;1529566;51981;BCN;85;32813;30
41779360;1529566;18798;CMB;0;32799;32799
41779361;1529566;93078;PAPB;0;32938;3
41779362;1529566;318430;RZR;17266;32913;0
41779363;1529566;74508;QSA;17419;QSA002;2
41779364;1529566;148491;QSA;43423;QSA002;2
41779365;1529566;174495;QSA;45231;QSA002;2
41779366;1529566;176303;QSA;47758;QSA002;2
41779367;1529566;178830;QSA;52001;QSA002;2
41779368;1529566;183073;QSA;57140;QSA002;2
41779369;1529566;188212;QSA;0;QSA002;2
41779370;1529566;376924;MARB;1;MARB009;41
41779371;1529566;72760;BVV;0;32805;22
41779372;1529566;114512;PBI;29511;32776;37
41779373;1529566;226119;PBI;42262;32776;37
41779374;1529566;238870;PBI;43054;32776;37
41779375;1529566;239662;PBI;49211;32776;37
41779376;1529566;245819;PBI;64854;32776;37
41779377;1529566;261462;PBI;17408;32776;37
42119514;1530998;193074;QSA;1;QSA001;2
42124162;1346908;588302;ARB;1;ARB002;4
42124163;1346908;35210;RZR;0;32913;0
42124164;1346908;142312;QSA;28887;QSA002;2
42124165;1346908;159959;QSA;85;QSA002;2
42124166;1346908;18374;CMB;18417;32799;32799
42124167;1346908;18417;CMB;18557;32799;32799
42124168;1346908;18557;CMB;18833;32799;32799
42124169;1346908;18833;CMB;25000;32799;32799
42124170;1346908;1120713;MARB;2225;RAMSMARB;41
42124171;1346908;1575089;MARB;0;RAMSMARB;41
42124172;1346908;80766;CJI;27132;32798;32798
42124173;1346908;92668;CJI;45085;32798;32798
42124174;1346908;110621;CJI;70;32798;32798
42124175;1346908;219203;PBI;13568;32776;37
42124176;1346908;193174;QSA;0;QSA001;2
42253742;1532656;582058;ARB;22591;ARB002;4
42253743;1532656;612415;ARB;85;ARB002;4
42253744;1532656;1295064;MARB;1;MARB010;41
43150771;1531043;114109;CJI;48616;32798;32798
43150772;1531043;114152;CJI;53748;32798;32798
43150773;1531043;119284;CJI;61941;32798;32798
43150774;1531043;127477;CJI;56;32798;32798
43150775;1531043;131657;BUR;10;32812;29
43150776;1531043;92962;QSA;31568;QSA002;2
43150777;1531043;97104;QSA;57535;QSA002;2
43150778;1531043;123071;QSA;58438;QSA002;2
43150779;1531043;123974;QSA;110;QSA002;2
43150780;1531043;348054;RZR;0;32913;0
43150781;1531043;289442;ARB;1;ARB002;4
43150782;1531043;66999;QSA;1;QSA001;2
43502650;1539544;212849;RZR;60056;32913;0
43502651;1539544;322200;RZR;0;32913;0
43502652;1539544;1827345;MARB;10;MARB009;41
43502653;1539544;552194;ARB;10;ARB002;4
43585291;789502;544324;;2;;4
43585292;789502;18268;CMB;18414;32799;32799
43585293;789502;18414;CMB;18578;32799;32799
43585294;789502;18578;CMB;2;32799;32799
43585295;789502;3;PPN;2;32800;32800
43585296;789502;282599;LAW;0;1;0
43585297;789502;84683;CJI;23538;32798;32798
43585298;789502;89074;CJI;24683;32798;32798
43585299;789502;90219;CJI;27630;32798;32798
43585300;789502;93166;CJI;34865;32798;32798
43585301;789502;100401;CJI;37018;32798;32798
43585302;789502;102554;CJI;38274;32798;32798
43585303;789502;103810;CJI;38738;32798;32798
43585304;789502;104274;CJI;40058;32798;32798
43585305;789502;105594;CJI;43315;32798;32798
43585306;789502;108851;CJI;60371;32798;32798
43585307;789502;125907;CJI;0;32798;32798
43585308;789502;223553;PBI;27013;32776;37
43585309;789502;223621;PBI;19571;32776;37
43640577;1540918;575899;ARB;39182;ARB002;4
44047017;1175653;17748;CMB;0;32799;32799
44047018;1175653;99955;CJI;45918;32798;32798
44047019;1175653;111454;CJI;46672;32798;32798
44047020;1175653;112208;CJI;55866;32798;32798
44047021;1175653;121402;CJI;61020;32798;32798
44047022;1175653;126556;CJI;1;32798;32798
44158862;1321803;176756;QSA;0;QSA001;2
44158863;1321803;130515;RZR;62077;32913;0
44158864;1321803;193149;RZR;602;32913;0
44158865;1321803;197210;RZR;1774;32913;0
44158866;1321803;198382;RZR;3181;32913;0
44158867;1321803;199789;RZR;8680;32913;0
44158868;1321803;205288;RZR;40679;32913;0
44158869;1321803;302823;RZR;9836;32913;0
44158870;1321803;337516;RZR;11010;32913;0
44158871;1321803;338690;RZR;0;32913;0
44158872;1321803;233257;PBI;0;32776;37
44158873;1321803;113695;CJI;1;32798;32798
44158874;1269515;100437;RZR;19816;32913;0
44158875;1269515;150888;RZR;10501;32913;0
44158876;1269515;207109;RZR;21774;32913;0
44158877;1269515;283918;RZR;40679;32913;0
44158878;1269515;302823;RZR;62135;32913;0
44158879;1269515;1564655;MARB;1;MARB010;41
44158880;1269515;1602974;MARB;42608;MARB009;41
44158881;1269515;1615472;MARB;16297;MARB009;41
44158882;1269515;1654697;MARB;7509;MARB009;41
44158883;1269515;1711445;MARB;14428;MARB009;41
44158884;1269515;1718364;MARB;58385;MARB009;41
44158885;1269515;1827857;MARB;59916;MARB009;41
44158886;1269515;1829388;MARB;0;MARB009;41
44158887;1269515;568378;ARB;60408;ARB002;4
44158888;1269515;584696;ARB;5;ARB002;4
44158889;1269515;481365;ARB;10;ARB001;4
44158890;1269515;1545100;MARB;22739;RAMSMARB;41
44158891;1269515;1661139;MARB;46187;RAMSMARB;41
44158892;1269515;1684587;MARB;0;RAMSMARB;41
44158893;1269515;113431;CJI;50391;32798;32798
44158894;1269515;115927;CJI;51119;32798;32798
44158895;1269515;116655;CJI;57876;32798;32798
44158896;1269515;123412;CJI;59375;32798;32798
44158897;1269515;124911;CJI;109;32798;32798
44158898;1269515;314692;AMS;53064;24;18
44158899;1269515;315208;AMS;53492;24;18
44158900;1269515;315636;AMS;57837;24;18
44158901;1269515;319981;AMS;59502;24;18
44158902;1269515;321646;AMS;62135;24;18
44158903;1269515;324279;AMS;1610;24;18
44158904;1269515;329290;AMS;4741;24;18
44158905;1269515;332421;AMS;9021;24;18
44158906;1269515;336701;AMS;65535;24;18
44158907;1269515;180166;QSA;53064;QSA002;2
44171620;1573813;15802;CMB;15823;32799;32799
44171621;1573813;15823;CMB;18392;32799;32799
44171622;1573813;18392;CMB;18595;32799;32799
44171623;1573813;18595;CMB;32936;32799;32799
44232411;1540906;185364;RZR;3223;32913;0
44232412;1540906;330903;RZR;20646;32913;0
44232413;1540906;348326;RZR;0;32913;0
44273464;1574993;1577338;MARB;32045;RAMSMARB;41
44273465;1574993;1735981;MARB;51616;RAMSMARB;41
44273466;1574993;1755552;MARB;8894;RAMSMARB;41
44273467;1574993;312737;RZR;0;32913;0
44485838;1532406;144525;QSA;57343;QSA002;2
44485839;1532406;188415;QSA;51088;QSA002;2
44485840;1532406;262679;PBI;0;32776;37
44485841;1532406;87190;PAPB;1;32938;3
44485842;1532406;115742;QSA;8954;QSA001;2
44485843;1532406;140026;QSA;29281;QSA001;2
44642069;1538171;59837;QSA;24826;QSA001;2
44642070;1538171;90362;QSA;29405;QSA001;2
44642071;1538171;160477;QSA;25883;QSA001;2
44642072;1538171;98172;CJI;39834;32798;32798
44642073;1538171;105370;CJI;48969;32798;32798
44642074;1538171;114505;CJI;0;32798;32798
44642075;1538171;1308714;MARB;31229;MARB009;41
44642076;1538171;1473021;MARB;0;MARB009;41
44642077;1538171;242744;PBI;0;32776;37
44642078;1538171;196415;RZR;9492;32913;0
44642079;1538171;206100;RZR;16244;32913;0
44642080;1538171;212852;RZR;25883;32913;0
44642081;1538171;222491;RZR;3223;32913;0
44642082;1538171;330903;RZR;14431;32913;0
44642083;1538171;342111;RZR;15699;32913;0
44642084;1538171;343379;RZR;21250;32913;0
44642085;1538171;348930;RZR;21470;32913;0
44642086;1538171;349150;RZR;25199;32913;0
44642087;1538171;87487;QSA;0;QSA002;2
44642088;1538171;284611;AMS;0;24;18
44910492;1257225;1391648;MARB;60547;MARB009;41
44910493;1257225;1436803;MARB;47473;MARB009;41
44910494;1257225;1620337;MARB;5717;MARB009;41
44910495;1257225;1644117;MARB;62512;MARB009;41
44910496;1257225;52616;RZR;0;32913;0
44910497;1257225;284422;ARB;38913;ARB002;4
44910498;1257225;301057;ARB;1066;ARB002;4
44910499;1257225;394282;ARB;31136;ARB002;4
44910500;1257225;424352;ARB;43378;ARB002;4
44910501;1257225;436594;ARB;63534;ARB002;4
44910502;1257225;522286;ARB;64595;ARB002;4
44910503;1257225;523347;ARB;38392;ARB002;4
44910504;1257225;562680;ARB;50629;ARB002;4
44910505;1257225;574917;ARB;25199;ARB002;4
44910506;1257225;1608606;MARB;0;MARB010;41
44910507;1257225;276060;AMS;34398;24;18
44910508;1257225;296542;AMS;35499;24;18
44910509;1257225;297643;AMS;52791;24;18
44910510;1257225;314935;AMS;57232;24;18
44910511;1257225;319376;AMS;0;24;18
44910512;1257225;18579;CMB;1;32799;32799
44910513;1257225;3329;PPVS;10;32875;32875
45291851;1340003;184230;PRJB;0;32939;20
45739623;1299555;15558;CMB;0;32799;32799
45739624;1299555;40830;RZR;39728;32913;0
45739625;1299555;105264;RZR;8;32913;0
45739626;1299555;541138;ARB;64014;ARB002;4
45739627;1299555;588302;ARB;30692;ARB002;4
45739628;1299555;620516;ARB;0;ARB002;4
45739629;1299555;35304;CJI;59758;32798;32798
45739630;1299555;59758;CJI;61507;32798;32798
45739631;1299555;61507;CJI;39118;32798;32798
45739632;1299555;104654;CJI;39879;32798;32798
45739633;1299555;105415;CJI;41131;32798;32798
45739634;1299555;106667;CJI;53064;32798;32798
45739635;1299555;118600;CJI;55877;32798;32798
45739636;1299555;121413;CJI;44776;32798;32798
45739637;1299555;97459;BDV;1;32807;24
45739638;1299555;699939;MARB;5518;RAMSMARB;41
45739639;1299555;1578382;MARB;16;RAMSMARB;41
45739640;1299555;670;PKV;0;32818;32818
45739641;1299555;45818;PAPB;24776;32938;3
45739642;1299555;90312;PAPB;17952;32938;3
45739643;1299555;194341;QSA;0;QSA001;2
45739644;1299555;101667;QSA;50781;QSA002;2
45739645;1299555;116317;QSA;85;QSA002;2
45739646;1584587;194341;QSA;0;QSA001;2
45757502;789146;430447;ARB;20036;ARB001;4
45757503;789146;544324;ARB;5;ARB001;4
45757504;789146;65598;LAW;56653;1;0
45757505;789146;187725;LAW;8632;1;0
45757506;789146;205240;LAW;23989;1;0
45757507;789146;220597;LAW;59642;1;0
45757508;789146;256250;LAW;18760;1;0
45757509;789146;280904;LAW;39541;1;0
45757510;789146;301685;LAW;24436;1;0
45757511;789146;334173;ARB;30932;ARB002;4
45757512;789146;489684;ARB;46261;ARB002;4
45757513;789146;505013;ARB;49851;ARB002;4
45757514;789146;508603;ARB;58348;ARB002;4
45757515;789146;517100;ARB;59841;ARB002;4
45757516;789146;518593;ARB;61026;ARB002;4
45757517;789146;519778;ARB;15800;ARB002;4
45757518;789146;540088;ARB;8320;ARB002;4
45757519;789146;42937;PSR;46787;75;50
45757520;789146;46787;PSR;46788;75;50
45757521;789146;46788;PSR;46789;75;50
45757522;789146;46789;PSR;47399;75;50
45757523;789146;47399;PSR;47400;75;50
45757524;789146;47400;PSR;47402;75;50
45757525;789146;47402;PSR;47976;75;50
45757526;789146;47976;PSR;47977;75;50
45757527;789146;47977;PSR;47978;75;50
45757528;789146;47978;PSR;47979;75;50
45757529;789146;47979;PSR;47980;75;50
45757530;789146;47980;PSR;48220;75;50
45757531;789146;48220;PSR;48222;75;50
45757532;789146;48222;PSR;48499;75;50
45757533;789146;48499;PSR;48500;75;50
45757534;789146;48500;PSR;48597;75;50
45757535;789146;48597;PSR;48598;75;50
45757536;789146;48598;PSR;49291;75;50
45757537;789146;49291;PSR;49292;75;50
45757538;789146;49292;PSR;49293;75;50
45757539;789146;49293;PSR;49452;75;50
45757540;789146;49452;PSR;49453;75;50
45757541;789146;49453;PSR;49454;75;50
45757542;789146;49454;PSR;49455;75;50
45757543;789146;49455;PSR;49636;75;50
45757544;789146;49636;PSR;49637;75;50
45757545;789146;49637;PSR;49638;75;50
45757546;789146;49638;PSR;49794;75;50
45757547;789146;49794;PSR;49795;75;50
45757548;789146;49795;PSR;49951;75;50
45757549;789146;49951;PSR;49952;75;50
45757550;789146;49952;PSR;50077;75;50
45757551;789146;50077;PSR;50478;75;50
45757552;789146;50478;PSR;50479;75;50
45757553;789146;50479;PSR;50480;75;50
45757554;789146;50480;PSR;50523;75;50
45757555;789146;50523;PSR;50524;75;50
45757556;789146;50524;PSR;50960;75;50
45757557;789146;50960;PSR;51503;75;50
45757558;789146;51503;PSR;51762;75;50
45757559;789146;51762;PSR;52234;75;50
45757560;789146;52234;PSR;52235;75;50
45757561;789146;52235;PSR;52236;75;50
45757562;789146;52236;PSR;52237;75;50
45757563;789146;52237;PSR;52498;75;50
45757564;789146;52498;PSR;52499;75;50
45757565;789146;52499;PSR;52826;75;50
45757566;789146;52826;PSR;52827;75;50
45757567;789146;52827;PSR;52828;75;50
45757568;789146;52828;PSR;53088;75;50
45757569;789146;53088;PSR;53089;75;50
45757570;789146;53089;PSR;53444;75;50
45757571;789146;53444;PSR;53445;75;50
45757572;789146;53445;PSR;53615;75;50
45757573;789146;53615;PSR;53616;75;50
45757574;789146;53616;PSR;53617;75;50
45757575;789146;53617;PSR;53853;75;50
45757576;789146;53853;PSR;54196;75;50
45757577;789146;54196;PSR;54197;75;50
45757578;789146;54197;PSR;54391;75;50
45757579;789146;54391;PSR;54392;75;50
45757580;789146;54392;PSR;54632;75;50
45757581;789146;54632;PSR;54633;75;50
45757582;789146;54633;PSR;54634;75;50
45757583;789146;54634;PSR;54819;75;50
45757584;789146;54819;PSR;54918;75;50
45757585;789146;54918;PSR;68;75;50
45757586;789146;104274;CJI;39182;32798;32798
45757587;789146;18578;CMB;18756;32799;32799
45757588;789146;18756;CMB;50304;32799;32799
45757589;789146;191588;ASZ;0;34;27
45757590;789146;80934;AVV;0;29;22
45849379;1584568;22759;PAP;24952;6;3
45849380;1584568;90488;PAP;25037;6;3
45849381;1584568;90573;PAP;0;6;3
46400699;1302061;317432;AMS;0;24;18
46400700;1302061;91641;CJI;49801;32798;32798
46400701;1302061;115337;CJI;15;32798;32798
46400702;1302061;367304;ARB;0;ARB002;4
46400703;1302061;14004;RZR;12791;32913;0
46400704;1302061;143863;RZR;19033;32913;0
46400705;1302061;215641;RZR;38889;32913;0
46400706;1302061;301033;RZR;13796;32913;0
46400707;1302061;341476;RZR;13920;32913;0
46400708;1302061;341600;RZR;23133;32913;0
46400709;1302061;350813;RZR;24011;32913;0
46400710;1302061;351691;RZR;31136;32913;0
47542552;1398527;1473120;MARB;1;MARB010;41
47542553;1398527;167239;ARB;38396;ARB002;4
47542554;1398527;628220;ARB;5;ARB002;4
47690789;1603843;60728;PBI;1009;32776;37
47690790;1603843;263153;PBI;85;32776;37
47690791;1603843;193301;QSA;0;QSA002;2
48062636;1537427;348119;RZR;21400;32913;0
48062637;1537427;349080;RZR;0;32913;0
48062638;1537427;114109;CJI;0;32798;32798
48540327;1610620;89154;PAPB;21571;32938;3
48601735;1610881;218867;RZR;0;32913;0
48623664;1384696;94831;RZR;39182;32913;0
48623665;1384696;14345;PAPB;15108;32938;3
48623666;1384696;80644;PAPB;85;32938;3
48625170;1537347;202714;MNV;0;32902;1
48625171;1537347;96980;CJI;52293;32798;32798
48625172;1537347;117829;CJI;52297;32798;32798
48625173;1537347;117833;CJI;61940;32798;32798
48625174;1537347;127476;CJI;62021;32798;32798
48625175;1537347;127557;CJI;62750;32798;32798
48625176;1537347;128286;CJI;15;32798;32798
48625177;1537347;109772;QSA;0;QSA002;2
48625178;1537347;347310;RZR;19779;32913;0
48625179;1537347;347459;RZR;20446;32913;0
48625180;1537347;348126;RZR;20451;32913;0
48625181;1537347;348131;RZR;20805;32913;0
48625182;1537347;348485;RZR;20913;32913;0
48625183;1537347;348593;RZR;21048;32913;0
48625184;1537347;348728;RZR;21189;32913;0
48625185;1537347;348869;RZR;21537;32913;0
48625186;1537347;349217;RZR;21651;32913;0
48625187;1537347;349331;RZR;23588;32913;0
48625188;1537347;351268;RZR;24446;32913;0
48625189;1537347;352126;RZR;26042;32913;0
48625190;1537347;353722;RZR;0;32913;0
48625191;1537347;262919;PBI;0;32776;37
48625192;1537347;152929;QSA;0;QSA001;2
48625193;1537347;1555316;MARB;29283;RAMSMARB;41
48625194;1537347;100117;PAPB;34582;32938;3
48625195;1537347;100118;PAPB;5;32938;3
48633239;1398522;1686233;MARB;0;MARB009;41
48633240;1398522;353200;RZR;0;32913;0
48633241;1398522;333784;AMS;1;24;18
48769432;1277140;156342;AMS;10;24;18
48769433;1277140;33918;RZR;38889;32913;0
48769434;1277140;301033;RZR;48916;32913;0
48769435;1277140;311060;RZR;9089;32913;0
48769436;1277140;336769;RZR;13796;32913;0
48769437;1277140;341476;RZR;58797;32913;0
48769438;1277140;299356;ARB;60408;ARB002;4
48769439;1277140;584696;ARB;25619;ARB002;4
48769440;1277140;615443;ARB;0;ARB002;4
48886531;1243371;349468;RZR;56469;32913;0
48886532;1243371;350335;RZR;56469;32913;0
48905262;1253309;1034935;MARB;0;RAMSMARB;41
48905263;1253309;283377;AMS;10;24;18
48905264;1253309;516265;ARB;36802;ARB002;4
48905265;1253309;561090;ARB;48126;ARB002;4
48905266;1253309;572414;ARB;13962;ARB002;4
48905267;1253309;603786;ARB;23795;ARB002;4
48952706;1537346;313029;MONV;51254;32903;12
48952707;1537346;313398;MONV;52162;32903;12
48952708;1537346;314306;MONV;53817;32903;12
48952709;1537346;315961;MONV;56;32903;12
48952710;1537346;99923;MNV;5959;32902;1
48952711;1537346;202567;MNV;6098;32902;1
48952712;1537346;202706;MNV;7453;32902;1
48952713;1537346;204061;MNV;7779;32902;1
48952714;1537346;204387;MNV;7780;32902;1
48952715;1537346;204388;MNV;17408;32902;1
48952716;1537346;43117;RZR;3579;32913;0
48952717;1537346;200187;RZR;55962;32913;0
48952718;1537346;318106;RZR;18422;32913;0
48952719;1537346;346102;RZR;19630;32913;0
48952720;1537346;347310;RZR;20805;32913;0
48952721;1537346;348485;RZR;20913;32913;0
48952722;1537346;348593;RZR;21048;32913;0
48952723;1537346;348728;RZR;21186;32913;0
48952724;1537346;348866;RZR;21189;32913;0
48952725;1537346;348869;RZR;21341;32913;0
48952726;1537346;349021;RZR;21400;32913;0
48952727;1537346;349080;RZR;21420;32913;0
48952728;1537346;349100;RZR;21421;32913;0
48952729;1537346;349101;RZR;21537;32913;0
48952730;1537346;349217;RZR;21634;32913;0
48952731;1537346;349314;RZR;21785;32913;0
48952732;1537346;349465;RZR;21868;32913;0
48952733;1537346;349548;RZR;22201;32913;0
48952734;1537346;349881;RZR;22655;32913;0
48952735;1537346;350335;RZR;22965;32913;0
48952736;1537346;350645;RZR;23020;32913;0
48952737;1537346;350700;RZR;23062;32913;0
48952738;1537346;350742;RZR;23133;32913;0
48952739;1537346;350813;RZR;23525;32913;0
48952741;1537346;351205;RZR;23710;32913;0
48952742;1537346;351390;RZR;24011;32913;0
48952743;1537346;351691;RZR;24445;32913;0
48952744;1537346;352125;RZR;24451;32913;0
48952745;1537346;352131;RZR;24701;32913;0
48952746;1537346;352381;RZR;24893;32913;0
48952747;1537346;352573;RZR;25182;32913;0
48952748;1537346;352862;RZR;25256;32913;0
48952749;1537346;352936;RZR;25321;32913;0
48952750;1537346;353001;RZR;25715;32913;0
48952751;1537346;353395;RZR;25814;32913;0
48952752;1537346;353494;RZR;26000;32913;0
48952753;1537346;353680;RZR;26354;32913;0
48952754;1537346;354034;RZR;26356;32913;0
48952755;1537346;354036;RZR;26767;32913;0
48952756;1537346;354447;RZR;26779;32913;0
48952757;1537346;354459;RZR;27159;32913;0
48952758;1537346;354839;RZR;0;32913;0
48952759;1537346;127477;CJI;62032;32798;32798
48952760;1537346;127568;CJI;62035;32798;32798
48952761;1537346;127571;CJI;62036;32798;32798
48952762;1537346;127572;CJI;25708;32798;32798
48952763;1537346;89989;PAPB;34582;32938;3
48952764;1537346;100118;PAPB;0;32938;3
48952765;1537346;195178;QSA;64164;QSA002;2
48952766;1537346;195236;QSA;16;QSA002;2
